A,C,G,T,distinct,exact_scaled,splitaware_upper,upper_exact_ratio
0,0,0,8,1,0.1723219482048244,0.17232357399614698,1.0000094346154944
0,0,1,7,2,0.009913644439826716,0.009913729323864102,1.0000085623443429
0,0,2,6,2,0.008031092190982183,0.008031159091555915,1.00000833019621
0,0,3,5,2,0.007756037352418258,0.007765722749208679,1.0012487558208316
0,0,4,4,2,0.007363745456985938,0.00736671480770572,1.000403239185429
0,0,5,3,2,0.006803720117832609,0.006808218667953225,1.0006611897671724
0,0,6,2,2,0.0061849921024430465,0.006185061812345198,1.0000112708150628
0,0,7,1,2,0.00666208455593593,0.006662169809750822,1.0000127968677335
0,0,8,0,1,0.1084004409805487,0.1084049245229107,1.0000413609236405
0,1,0,7,2,0.011651753351065103,0.011652414381433746,1.0000567322658425
0,1,1,6,3,0.0006425636846775411,0.0006984056983056011,1.0869050258513804
0,1,2,5,3,0.00048806364444876725,0.0005631988186539774,1.1539454435088479
0,1,3,4,3,0.00048268338567849893,0.0005274101169840973,1.092662670049699
0,1,4,3,3,0.0004605035056586325,0.00048065941877582926,1.043769293543963
0,1,5,2,3,0.00042500919153251436,0.0004253325173326285,1.0007607501356577
0,1,6,1,3,0.0004642089103684215,0.0004648032393886341,1.0012803050672614
0,1,7,0,2,0.004668768157727153,0.004668880041936613,1.0000239643961064
0,2,0,6,2,0.009798116052651507,0.009798690017054607,1.0000585790574448
0,2,1,5,3,0.0005419722611077195,0.0005673928857484467,1.046903921962299
0,2,2,4,3,0.0004073089235978422,0.0004510798311395946,1.1074636596593934
0,2,3,3,3,0.00039852678591153893,0.0004159684563948423,1.0437653655911974
0,2,4,2,3,0.00037444962006425537,0.0003744763301057329,1.0000713314690317
0,2,5,1,3,0.0004139135443891586,0.00041471866461262775,1.0019451410430584
0,2,6,0,2,0.0041267427321019295,0.004126832057686642,1.0000216455423834
0,3,0,5,2,0.009730450979711881,0.009757142636537429,1.0027431058314975
0,3,1,4,3,0.0005228470397974558,0.0005671201267450057,1.0846769391000104
0,3,2,3,3,0.0003871396963255016,0.0004459173668921132,1.1518254808909913
0,3,3,2,3,0.00037299910286751637,0.0004051822976097045,1.0862822309618774
0,3,4,1,3,0.00042138527169874795,0.00044109553400294556,1.046774919836991
0,3,5,0,2,0.0043939585613310935,0.00439692321270445,1.0006747108175864
0,4,0,4,2,0.009504050371135242,0.009522188099996429,1.001908420952426
0,4,1,3,3,0.0004910981664767299,0.000549919107169838,1.1197743032011405
0,4,2,2,3,0.0003651040271477912,0.00042615012444030754,1.1672019280899504
0,4,3,1,3,0.0004148688370538548,0.00046953783337777235,1.1317741691859609
0,4,4,0,2,0.004598019618323428,0.00459902266413723,1.0002181473540923
0,5,0,3,2,0.009065868521818617,0.00907739907273802,1.0012718639026865
0,5,1,2,3,0.00047024094475338395,0.0005185229289850401,1.1026749898543553
0,5,2,1,3,0.00040269784213961226,0.00048544015899938664,1.2054699782351659
0,5,3,0,2,0.004667064234246718,0.004667379845903343,1.0000676253080705
0,6,0,2,2,0.008512627075990943,0.008512647046318187,1.0000023459652427
0,6,1,1,3,0.0005131019421766743,0.0005833353252844856,1.1368799790736868
0,6,2,0,2,0.0046554471843311745,0.004655448112276829,1.0000001993247087
0,7,0,1,2,0.009353555427498612,0.009353576949169756,1.0000023009080676
0,7,1,0,2,0.005577852585836762,0.0055778538336803355,1.000000223713975
0,8,0,0,1,0.10703009595332387,0.10703014162436468,1.0000004267121356
1,0,0,7,2,0.007983893187940171,0.007983953516357166,1.000007556265543
1,0,1,6,3,0.001096680574726195,0.0010971980423838817,1.0004718490229627
1,0,2,5,3,0.0009427387535186761,0.0009458692684150137,1.003320660028723
1,0,3,4,3,0.0009305270355634628,0.0009334561607762715,1.0031478131218778
1,0,4,3,3,0.0008896903817278738,0.0008917909433627306,1.0023610029713679
1,0,5,2,3,0.0008248935722392748,0.000828221042333189,1.0040338174594832
1,0,6,1,3,0.0009010885605168905,0.0009018375845581814,1.0008312435359974
1,0,7,0,2,0.016623223456392774,0.016625330528083675,1.0001267546993173
1,1,0,6,3,0.0007869447750122942,0.0007872099022844715,1.0003369070875059
1,1,1,5,4,8.760765453345886e-05,0.00010229367734332069,1.1676340142658765
1,1,2,4,4,7.2490777413598e-05,8.182346011720422e-05,1.1287430351361576
1,1,3,3,4,6.885025006871586e-05,7.731163304132476e-05,1.1228954573754493
1,1,4,2,4,6.23512924669985e-05,7.509150333162776e-05,1.2043295393014097
1,1,5,1,4,6.768727357424334e-05,8.372485539097414e-05,1.2369364426998208
1,1,6,0,3,0.0007082718279027641,0.0008744839351387131,1.2346727636028008
1,2,0,5,3,0.00066043588751411,0.0006615918967264644,1.0017503731008708
1,2,1,4,4,7.157664965537429e-05,8.39127097677573e-05,1.1723475487016841
1,2,2,3,4,5.815352137268752e-05,6.561349789852258e-05,1.1282807360542526
1,2,3,2,4,5.390780173964913e-05,6.376851757088913e-05,1.182918158652859
1,2,4,1,4,6.10406094259665e-05,7.304388737916203e-05,1.196644136847188
1,2,5,0,3,0.0005809470058555458,0.0007707066967182509,1.326638555582623
1,3,0,4,3,0.0006428745982729016,0.0006442297495090311,1.0021079557969317
1,3,1,3,4,6.981673853186343e-05,8.17502674234294e-05,1.1709264732571212
1,3,2,2,4,5.57623812199361e-05,6.352743453859553e-05,1.1392525417455321
1,3,3,1,4,6.449263549352497e-05,7.458674991957375e-05,1.1565157687975431
1,3,4,0,3,0.0006602227097801955,0.000792995635318506,1.2011032392122865
1,4,0,3,3,0.0006109086551081975,0.0006109469466561324,1.0000626796618688
1,4,1,2,4,6.577606459594872e-05,7.701441964842258e-05,1.1708578207210965
1,4,2,1,4,6.522410122662909e-05,7.33675212030217e-05,1.1248529274186134
1,4,3,0,3,0.0007161779094018553,0.0007917109089990085,1.1054668101397287
1,5,0,2,3,0.0005607433253212135,0.0005612945585891006,1.0009830402663666
1,5,1,1,4,7.565999625894097e-05,8.739639865033154e-05,1.1551203141911819
1,5,2,0,3,0.0007515905749344543,0.0007600280613573109,1.0112261738029278
1,6,0,1,3,0.0006498357513048459,0.0006509677954197151,1.0017420465288285
1,6,1,0,3,0.0008856049928509475,0.0008864666302869677,1.0009729365156879
1,7,0,0,2,0.008437700776178524,0.008437701782732775,1.0000001192924801
2,0,0,6,2,0.006600319525730565,0.006600364803918956,1.0000068599994612
2,0,1,5,3,0.0009373302238404197,0.0009398677459288952,1.0027071804833934
2,0,2,4,3,0.0007956748642582892,0.0007966592779553954,1.0012372059761168
2,0,3,3,3,0.0007731488341207529,0.000773540414097691,1.000506474251343
2,0,4,2,3,0.0007274741642380541,0.000728975704496806,1.0020640461648898
2,0,5,1,3,0.000800341361689248,0.0008029156564896852,1.003216496014905
2,0,6,0,2,0.015368003039669178,0.015369971283862086,1.000128074167335
2,1,0,5,3,0.0006501045578337984,0.0006517002038320973,1.0024544451797348
2,1,1,4,4,7.465567259321811e-05,8.38042501656995e-05,1.1225436360654055
2,1,2,3,4,5.9437825108047215e-05,6.777554549098697e-05,1.1402763369585494
2,1,3,2,4,5.4835837219886814e-05,6.685517012044168e-05,1.2191875516071435
2,1,4,1,4,6.0555043704620224e-05,7.608274416173033e-05,1.2564229089298036
2,1,5,0,3,0.000657939505339108,0.0007985501686195737,1.2137136653741345
2,2,0,4,3,0.0005380868933770212,0.0005392699513506457,1.002198637410028
2,2,1,3,4,6.0089018495459525e-05,6.734278370311565e-05,1.1207169860530213
2,2,2,2,4,4.6542371936926444e-05,5.555609983157903e-05,1.1936671364078277
2,2,3,1,4,5.3819055925018286e-05,6.49879389469189e-05,1.2075265503999424
2,2,4,0,3,0.0005419055307347915,0.0006937702836238049,1.2802421165236935
2,3,0,3,3,0.0005177330894627007,0.0005177330894627007,1.0
2,3,1,2,4,5.740070235190204e-05,6.59706248104151e-05,1.1492999581429177
2,3,2,1,4,5.573019560760333e-05,6.531751168388845e-05,1.1720309066163968
2,3,3,0,3,0.0006078910201219339,0.000702000782227616,1.154813542214861
2,4,0,2,3,0.00048081453418820537,0.00048084619307174007,1.0000658442731731
2,4,1,1,4,6.732624935589121e-05,7.617151231095268e-05,1.1313791134911555
2,4,2,0,3,0.000652544314149912,0.0006863963062385418,1.0518769244549004
2,5,0,1,3,0.0005619686952687572,0.0005634648414118613,1.0026623300473856
2,5,1,0,3,0.000777862935998791,0.000810536783084043,1.0420046329155639
2,6,0,0,2,0.007369155456131888,0.0073691562201892115,1.0000001036831598
3,0,0,5,2,0.006579461930283792,0.006583353769170501,1.0005915132465157
3,0,1,4,3,0.0009715798674816885,0.0009733210392023924,1.0017921035408206
3,0,2,3,3,0.0008121728396544808,0.0008124704217208074,1.0003664023860404
3,0,3,2,3,0.0007729568043183164,0.0007729568043183164,1.0
3,0,4,1,3,0.0008591772249376669,0.0008608710430220532,1.0019714420206018
3,0,5,0,2,0.01620780910982381,0.01627114163420077,1.003907531483609
3,1,0,4,3,0.0006216089835238911,0.0006229213427906674,1.002111229569651
3,1,1,3,4,7.318351233838486e-05,8.302007579813161e-05,1.1344095568174508
3,1,2,2,4,5.6722885421308446e-05,6.909210596841562e-05,1.2180640222237455
3,1,3,1,4,6.341547748778134e-05,7.955493753171702e-05,1.2545034853209986
3,1,4,0,3,0.0007057733330944954,0.0008348535617405066,1.182891903948897
3,2,0,3,3,0.0005061611137707101,0.0005062616284426324,1.000198582366736
3,2,1,2,4,5.738071547946999e-05,6.840505554542954e-05,1.1921262217426323
3,2,2,1,4,5.544679338898686e-05,6.698104808241793e-05,1.2080238366989509
3,2,3,0,3,0.0005799654287414134,0.000715574296603681,1.233822329990519
3,3,0,2,3,0.00047615690004816977,0.0004762983956759635,1.0002971617712133
3,3,1,1,4,6.872075603957797e-05,7.994257751148831e-05,1.1632959547978114
3,3,2,0,3,0.0006406365727589953,0.000713510127020179,1.1137517858953059
3,4,0,1,3,0.0005658312291237998,0.0005663133935784404,1.0008521347529495
3,4,1,0,3,0.0007786488969425036,0.0008573435151654536,1.1010656003391999
3,5,0,0,2,0.007585331638033178,0.00758705275575733,1.0002269007877682
4,0,0,4,2,0.006435573910952012,0.006438896967441094,1.0005163574430287
4,0,1,3,3,0.0009688695927026116,0.0009727034503666398,1.003957041992962
4,0,2,2,3,0.0007980948687300159,0.0008007933993711154,1.003381215375302
4,0,3,1,3,0.0008964546136879417,0.0008997456556523326,1.0036711752208534
4,0,4,0,2,0.01686246424780403,0.016975277029055588,1.0066901717088146
4,1,0,3,3,0.0005767305632617984,0.0005778975155356351,1.002023392461181
4,1,1,2,4,6.834941752253184e-05,8.325042148392838e-05,1.2180121572577312
4,1,2,1,4,6.448775737444737e-05,8.122255406116562e-05,1.2595034680698827
4,1,3,0,3,0.0007430266629342934,0.0008532714980085272,1.1483726500996139
4,2,0,2,3,0.0004795760763460404,0.0004801899187052436,1.0012799686837597
4,2,1,1,4,6.703863938578732e-05,8.089830206001751e-05,1.206741407660021
4,2,2,0,3,0.000604003370751636,0.0007204056735591716,1.1927179688793488
4,3,0,1,3,0.0005525134671014438,0.000554450608860444,1.0035060534708098
4,3,1,0,3,0.0007558246479075225,0.0008770236772370042,1.16035336987887
4,4,0,0,2,0.007683385015289402,0.007691834837654999,1.0010997525633276
5,0,0,3,2,0.006124354278323049,0.006132382903857961,1.001310934209559
5,0,1,2,3,0.0009395794264754731,0.000942482432497562,1.003089686662232
5,0,2,1,3,0.0009172293421606005,0.0009196382081671622,1.0026262417651046
5,0,3,0,2,0.0172295614698235,0.01729164057325859,1.0036030576601627
5,1,0,2,3,0.0005590801127646156,0.0005604762988628844,1.002497291651754
5,1,1,1,4,7.687379324486273e-05,9.600768621725171e-05,1.2489000758872744
5,1,2,0,3,0.0007637434233492381,0.0008498048085999936,1.1126836351314833
5,2,0,1,3,0.0005444373344502587,0.0005453254737123218,1.0016312974990225
5,2,1,0,3,0.0007062093904045769,0.0008724960456591958,1.2354636705685202
5,3,0,0,2,0.007577970123563997,0.007595699540824107,1.0023395997834537
6,0,0,2,2,0.005719778473404926,0.005720326879179019,1.0000958788485677
6,0,1,1,3,0.001064295679432019,0.0010653154798792152,1.0009581927906919
6,0,2,0,2,0.017294680634263822,0.017311503026218943,1.0009726916796482
6,1,0,1,3,0.0006256038035368791,0.000626001002318874,1.0006349046788867
6,1,1,0,3,0.000884868876281756,0.0010150002131224967,1.1470628477606268
6,2,0,0,2,0.007350572364744332,0.007351122717605258,1.0000748721097648
7,0,0,1,2,0.006454389584680913,0.00645470786158822,1.0000493116975868
7,0,1,0,2,0.02002366074404435,0.02002846598735053,1.0002399782620972
7,1,0,0,2,0.008490945907862712,0.008491378579650731,1.0000509568418776
8,0,0,0,1,0.16088381395875434,0.16089517057527405,1.0000705889314796
