n,S,regime,rep,branch_mode,topk,support_points,split_units,lp_vars,build_s,solve_s,tree_id_s,branch_rescore_s,lp_score,candidates,true_structural_rank,best_structural_rank,best_bottleneck,best_logL,true_topology_logL,best_minus_true,true_min_branch,true_max_branch
8,60,moderate,0,two-point,40,5,22,17002,0.4281620979309082,0.632188081741333,0.029609203338623047,1.4349606037139893,-335.9710481730317,18,9999,4,0.22407133494161527,-456.51014211475393,-441.78015164235603,-14.729990472397901,0.05324506069875821,0.20745338035301897
8,60,moderate,0,spectral,40,5,22,17090,1.6099913120269775,0.8092350959777832,0.016324520111083984,0.26686596870422363,-142.6065255811031,5,9999,1,0.35,-497.3700956447505,-441.78015164235603,-55.589944002394475,0.05324506069875821,0.20745338035301897
8,60,wide,0,two-point,40,5,22,17887,0.4787118434906006,0.6453981399536133,0.021273374557495117,1.196707010269165,-380.06065745067656,9,9999,2,0.4999999999999998,-410.5082933187345,-410.00439666532276,-0.5038966534117435,0.0001,10.0
8,60,wide,0,spectral,40,5,22,17975,1.5163817405700684,1.049830675125122,0.012105226516723633,1.257641077041626,-157.7292857967744,9,9999,3,0.6428571428571419,-411.0861697777663,-410.00439666532276,-1.0817731124435568,0.0001,10.0
8,80,moderate,1,two-point,40,5,22,20837,0.5590691566467285,0.8237588405609131,0.012281656265258789,1.0211131572723389,-431.11673015875846,12,9999,9,0.21052631578947376,-625.0395519035268,-569.3617561701077,-55.67779573341909,0.07491824270794552,0.24486358345606207
8,80,moderate,1,spectral,40,5,22,20925,1.709268569946289,1.046710729598999,0.008938312530517578,0.8712413311004639,-184.96475284633254,10,9999,4,0.17294412091788736,-628.7652328960763,-569.3617561701077,-59.40347672596863,0.07491824270794552,0.24486358345606207
12,50,moderate,0,two-point,40,5,53,18110,1.3242273330688477,4.774984359741211,0.13820242881774902,3.1852028369903564,-346.98344935329953,14,9999,2,0.2461841924911531,-580.2755531274023,-516.3457699180622,-63.929783209340144,0.05222084647699763,0.245467537745103
12,50,moderate,0,spectral,40,5,53,18322,4.6649415493011475,8.10100269317627,0.04897260665893555,6.285779714584351,-127.25355548033332,32,9999,8,0.09400796265911637,-580.6200208226838,-516.3457699180622,-64.27425090462168,0.05222084647699763,0.245467537745103
12,50,wide,0,two-point,40,5,53,18407,2.0336573123931885,5.16923975944519,0.10841965675354004,3.7612814903259277,-385.28150746752107,18,9999,17,0.18750000000000022,-591.958063609237,-504.1429308483607,-87.81513276087628,0.0001,10.0
12,50,wide,0,spectral,40,5,53,18619,6.777940988540649,5.314501047134399,0.047611236572265625,0.9922382831573486,-127.2080117610231,4,9999,2,0.5,-646.2871045274325,-504.1429308483607,-142.14417367907174,0.0001,10.0
8,60,moderate,2,two-point,40,5,22,17002,0.4516561031341553,0.5384767055511475,0.021718502044677734,1.171557903289795,-317.27968501924113,12,9999,6,0.13890336703179748,-431.12964205187245,-419.0599657940848,-12.069676257787648,0.05320502764892128,0.2345545836758614
8,60,moderate,2,spectral,40,5,22,17090,1.2617106437683105,0.6003720760345459,0.019676685333251953,1.3052713871002197,-135.77334796199077,9,9999,9,0.08917377905168095,-429.6285227021613,-419.0599657940848,-10.568556908076516,0.05320502764892128,0.2345545836758614
8,60,wide,2,two-point,40,5,22,18182,0.6587996482849121,0.7686350345611572,0.0237576961517334,0.4359571933746338,-386.72764594559925,6,9999,6,0.28070175230316935,-439.7397790824181,-404.8560904314835,-34.88368865093463,0.0001,10.0
8,60,wide,2,spectral,40,5,22,18270,2.1147844791412354,0.8423912525177002,0.026580810546875,3.0401113033294678,-150.50706350163608,38,9999,20,0.017399347794124526,-404.7300866307031,-404.8560904314835,0.12600380078038143,0.0001,10.0
8,60,moderate,3,two-point,40,5,22,16707,0.46158909797668457,0.6671640872955322,0.021679401397705078,2.835513114929199,-318.56873926022666,26,9999,16,0.10714285714285714,-417.12790280999855,-392.78865623069464,-24.339246579303904,0.05624692211943541,0.2381107143307049
8,60,moderate,3,spectral,40,5,22,16795,1.2551605701446533,0.7522146701812744,0.01385807991027832,0.8576352596282959,-135.83091261399605,8,9999,1,0.06612105346799169,-423.75633487672025,-392.78865623069464,-30.967678646025604,0.05624692211943541,0.2381107143307049
8,60,wide,3,two-point,40,5,22,18772,0.5370838642120361,0.6291670799255371,0.022064208984375,2.9507734775543213,-384.6143217493467,23,9999,22,0.03353808877324227,-475.4016227260116,-480.5354140192448,5.133791293233173,0.0001,10.0
8,60,wide,3,spectral,40,5,22,18860,1.709500789642334,0.8843021392822266,0.01145482063293457,1.0212533473968506,-155.33607087470057,10,9999,10,0.1058614391787519,-476.95918937666676,-480.5354140192448,3.5762246425780404,0.0001,10.0
8,60,moderate,4,two-point,40,5,22,17887,0.5219261646270752,0.6675264835357666,0.0208742618560791,0.8822336196899414,-356.1283456265254,10,9999,3,0.2500000000000032,-477.94264693388334,-458.07040843958333,-19.872238494300007,0.06582127626479498,0.24359984665662138
8,60,moderate,4,spectral,40,5,22,17975,1.644423007965088,0.9642987251281738,0.020410776138305664,2.8347082138061523,-147.9976155103882,32,9999,21,0.08729898699278271,-489.83236816007286,-458.07040843958333,-31.76195972048953,0.06582127626479498,0.24359984665662138
8,60,wide,4,two-point,40,5,22,18182,0.6381628513336182,0.6462626457214355,0.018934249877929688,0.8093569278717041,-417.93558085047295,9,9999,3,0.4983206619531071,-494.7172480031712,-494.75106174889333,0.03381374572211371,0.0001,10.0
8,60,wide,4,spectral,40,5,22,18270,1.9036426544189453,0.8462605476379395,0.0171358585357666,2.5963361263275146,-156.7541491354496,32,9999,12,0.0012556277032054197,-495.96175162791843,-494.75106174889333,-1.2106898790250966,0.0001,10.0
