n,S,rep,ncand,metric,true_rank,top_rf,corr_neg_rf
20,5000,0,300,bottleneck,1,0,0.8633865836919653
20,5000,0,300,q05,12,4,0.8946406578027105
20,5000,0,300,q10,87,4,0.8969826480654846
20,5000,0,300,cvar10,10,4,0.8943960064001257
20,5000,0,300,cvar20,59,4,0.9224260518724119
20,5000,0,300,soft_0.1,35,8,0.9154588246759893
20,5000,0,300,soft_0.25,56,8,0.9403807666475025
20,5000,0,300,soft_0.5,74,8,0.9451038468305643
20,5000,0,300,wb_b-0.5_g-0.5,6,2,0.9322513858154323
20,5000,0,300,wb_b-0.5_g-0.25,85,8,0.9563319334614073
20,5000,0,300,wb_b-0.5_g0,95,8,0.9489869382226591
20,5000,0,300,wb_b-0.5_g0.25,103,12,0.9387825172575377
20,5000,0,300,wb_b-0.5_g0.5,111,12,0.9211880186583492
20,5000,0,300,wb_b-0.5_g1.0,119,8,0.8538344955646008
20,5000,0,300,wb_b-0.25_g-0.5,26,6,0.5592118795217466
20,5000,0,300,wb_b-0.25_g-0.25,62,2,0.8728903701411463
20,5000,0,300,wb_b-0.25_g0,17,2,0.9508837846091691
20,5000,0,300,wb_b-0.25_g0.25,67,10,0.9464399188886105
20,5000,0,300,wb_b-0.25_g0.5,88,10,0.9343616072411655
20,5000,0,300,wb_b-0.25_g1.0,112,10,0.884810798383967
20,5000,0,300,wb_b0_g-0.5,82,4,0.21289775192371174
20,5000,0,300,wb_b0_g-0.25,88,12,0.3642434346003466
20,5000,0,300,wb_b0_g0,1,0,0.8633865836919653
20,5000,0,300,wb_b0_g0.25,84,6,0.9169692260664954
20,5000,0,300,wb_b0_g0.5,162,6,0.8853659355176126
20,5000,0,300,wb_b0_g1.0,175,10,0.6872914101620218
20,5000,0,300,wb_b0.25_g-0.5,121,36,0.04131972152012406
20,5000,0,300,wb_b0.25_g-0.25,139,36,-0.027082556390556588
20,5000,0,300,wb_b0.25_g0,183,36,-0.3315357460140321
20,5000,0,300,wb_b0.25_g0.25,175,34,-0.7729309647539088
20,5000,0,300,wb_b0.25_g0.5,220,36,-0.7857751536399806
20,5000,0,300,wb_b0.25_g1.0,219,36,-0.688592664647711
20,5000,0,300,wb_b0.5_g-0.5,160,36,-0.06591799200118745
20,5000,0,300,wb_b0.5_g-0.25,166,36,-0.2279728436128425
20,5000,0,300,wb_b0.5_g0,193,36,-0.6401017669286012
20,5000,0,300,wb_b0.5_g0.25,162,36,-0.9180696589764987
20,5000,0,300,wb_b0.5_g0.5,210,36,-0.9441257150261598
20,5000,0,300,wb_b0.5_g1.0,220,36,-0.922040393478177
20,5000,0,300,wb_b0_g0_p0.25,116,12,0.7233481147910731
20,5000,0,300,wb_b0_g0_p0.5,197,12,0.2850493008319624
20,5000,0,300,wb_b-0.25_g0_p0.25,37,4,0.9432434785926301
20,5000,0,300,wb_b-0.25_g0_p0.5,59,8,0.9217733283353609
20,5000,0,300,wb_b-0.5_g0_p0.25,104,4,0.9487568369671826
20,5000,0,300,wb_b-0.5_g0_p0.5,100,4,0.9472310479384384
20,5000,0,300,wb_b0_g0.25_p0.25,150,12,0.8417864233154619
20,5000,0,300,wb_b0_g0.25_p0.5,212,36,0.02818664570268742
20,5000,0,300,wb_b0_g0.5_p0.25,190,10,0.6481253017101483
20,5000,0,300,wb_b0_g0.5_p0.5,217,36,-0.31068680565274315
20,5000,0,300,wb_b-0.25_g0.25_p0.25,44,2,0.9444590610832605
20,5000,0,300,wb_b-0.25_g0.25_p0.5,48,8,0.9357484332268687
20,5000,0,300,wb_b-0.25_g0.5_p0.25,70,4,0.9262228361431234
20,5000,0,300,wb_b-0.25_g0.5_p0.5,129,8,0.9093005682002767
20,5000,1,300,bottleneck,38,4,0.9182321033163147
20,5000,1,300,q05,49,4,0.9048088555020051
20,5000,1,300,q10,96,8,0.8804941244105191
20,5000,1,300,cvar10,49,4,0.9232793055408826
20,5000,1,300,cvar20,64,4,0.9155142589746775
20,5000,1,300,soft_0.1,80,4,0.9251674655979336
20,5000,1,300,soft_0.25,85,4,0.9436984323360276
20,5000,1,300,soft_0.5,84,4,0.9536662872480014
20,5000,1,300,wb_b-0.5_g-0.5,31,4,0.9587738269428566
20,5000,1,300,wb_b-0.5_g-0.25,71,10,0.9434040640766829
20,5000,1,300,wb_b-0.5_g0,80,10,0.9387108163880961
20,5000,1,300,wb_b-0.5_g0.25,90,4,0.9280628789837743
20,5000,1,300,wb_b-0.5_g0.5,103,4,0.9094646247684594
20,5000,1,300,wb_b-0.5_g1.0,112,4,0.8485208192122384
20,5000,1,300,wb_b-0.25_g-0.5,181,8,0.18091800318694745
20,5000,1,300,wb_b-0.25_g-0.25,38,4,0.9358417485256312
20,5000,1,300,wb_b-0.25_g0,65,4,0.9492026820613758
20,5000,1,300,wb_b-0.25_g0.25,101,4,0.9373898624572878
20,5000,1,300,wb_b-0.25_g0.5,117,10,0.9208179323417025
20,5000,1,300,wb_b-0.25_g1.0,132,10,0.8580934500483088
20,5000,1,300,wb_b0_g-0.5,224,8,-0.3337869897543878
20,5000,1,300,wb_b0_g-0.25,203,4,-0.13084691827996364
20,5000,1,300,wb_b0_g0,38,4,0.9182321033163147
20,5000,1,300,wb_b0_g0.25,82,4,0.9348448149072165
20,5000,1,300,wb_b0_g0.5,137,4,0.8929321732933395
20,5000,1,300,wb_b0_g1.0,157,4,0.7088793773311133
20,5000,1,300,wb_b0.25_g-0.5,224,36,-0.3979600868221866
20,5000,1,300,wb_b0.25_g-0.25,224,36,-0.43157048849819496
20,5000,1,300,wb_b0.25_g0,213,36,-0.5842125865218027
20,5000,1,300,wb_b0.25_g0.25,133,36,-0.8557481043504654
20,5000,1,300,wb_b0.25_g0.5,196,36,-0.816809187703914
20,5000,1,300,wb_b0.25_g1.0,186,36,-0.6909796815673672
20,5000,1,300,wb_b0.5_g-0.5,224,36,-0.45427069392803676
20,5000,1,300,wb_b0.5_g-0.25,227,36,-0.5324987872317829
20,5000,1,300,wb_b0.5_g0,230,36,-0.7451759818808115
20,5000,1,300,wb_b0.5_g0.25,176,36,-0.9422951183726485
20,5000,1,300,wb_b0.5_g0.5,108,36,-0.9562305692586092
20,5000,1,300,wb_b0.5_g1.0,183,36,-0.9127849485238431
20,5000,1,300,wb_b0_g0_p0.25,138,4,0.6455424848012541
20,5000,1,300,wb_b0_g0_p0.5,175,4,-0.19133223304393396
20,5000,1,300,wb_b-0.25_g0_p0.25,62,10,0.9542546459718074
20,5000,1,300,wb_b-0.25_g0_p0.5,50,4,0.9584829236391627
20,5000,1,300,wb_b-0.5_g0_p0.25,82,10,0.9339760375633988
20,5000,1,300,wb_b-0.5_g0_p0.5,95,4,0.9326448658638903
20,5000,1,300,wb_b0_g0.25_p0.25,147,6,0.8662463217063485
20,5000,1,300,wb_b0_g0.25_p0.5,179,36,-0.087987710413567
20,5000,1,300,wb_b0_g0.5_p0.25,160,8,0.6492622578091607
20,5000,1,300,wb_b0_g0.5_p0.5,183,36,-0.3024948626669885
20,5000,1,300,wb_b-0.25_g0.25_p0.25,118,4,0.9388689865201275
20,5000,1,300,wb_b-0.25_g0.25_p0.5,108,4,0.9438698738839726
20,5000,1,300,wb_b-0.25_g0.5_p0.25,130,4,0.9157304978407317
20,5000,1,300,wb_b-0.25_g0.5_p0.5,137,4,0.9128245484298085
20,5000,2,300,bottleneck,48,4,0.7654538700790229
20,5000,2,300,q05,67,6,0.7363996537643499
20,5000,2,300,q10,67,2,0.8356829996743766
20,5000,2,300,cvar10,43,4,0.7697420810625974
20,5000,2,300,cvar20,46,4,0.8617168145011612
20,5000,2,300,soft_0.1,79,4,0.8397620954063001
20,5000,2,300,soft_0.25,52,4,0.926223027051975
20,5000,2,300,soft_0.5,46,4,0.9560694802635373
20,5000,2,300,wb_b-0.5_g-0.5,4,2,0.9267297927468136
20,5000,2,300,wb_b-0.5_g-0.25,27,4,0.9567038342860361
20,5000,2,300,wb_b-0.5_g0,28,4,0.9541431480927035
20,5000,2,300,wb_b-0.5_g0.25,34,4,0.9469803597761182
20,5000,2,300,wb_b-0.5_g0.5,35,4,0.938986106139735
20,5000,2,300,wb_b-0.5_g1.0,41,4,0.9105092373819472
20,5000,2,300,wb_b-0.25_g-0.5,119,4,0.2814778360608628
20,5000,2,300,wb_b-0.25_g-0.25,1,0,0.8412474496313124
20,5000,2,300,wb_b-0.25_g0,16,4,0.9580069443001266
20,5000,2,300,wb_b-0.25_g0.25,10,4,0.9636915530650944
20,5000,2,300,wb_b-0.25_g0.5,14,4,0.9611585259382445
20,5000,2,300,wb_b-0.25_g1.0,28,4,0.9348240607964021
20,5000,2,300,wb_b0_g-0.5,163,10,-0.06484773796476506
20,5000,2,300,wb_b0_g-0.25,162,4,-0.005571302929458261
20,5000,2,300,wb_b0_g0,48,4,0.7654538700790229
20,5000,2,300,wb_b0_g0.25,15,10,0.9125484520458111
20,5000,2,300,wb_b0_g0.5,39,10,0.9105237153583856
20,5000,2,300,wb_b0_g1.0,81,10,0.8297031477394662
20,5000,2,300,wb_b0.25_g-0.5,172,4,-0.2081074386898707
20,5000,2,300,wb_b0.25_g-0.25,176,36,-0.28973067802960256
20,5000,2,300,wb_b0.25_g0,237,36,-0.47124212086063455
20,5000,2,300,wb_b0.25_g0.25,139,36,-0.8518653331988868
20,5000,2,300,wb_b0.25_g0.5,72,36,-0.5760948950122693
20,5000,2,300,wb_b0.25_g1.0,85,36,-0.205211399395984
20,5000,2,300,wb_b0.5_g-0.5,185,34,-0.31411196919959106
20,5000,2,300,wb_b0.5_g-0.25,218,36,-0.4466584359384621
20,5000,2,300,wb_b0.5_g0,266,36,-0.7030811506016247
20,5000,2,300,wb_b0.5_g0.25,261,36,-0.93078025040958
20,5000,2,300,wb_b0.5_g0.5,149,36,-0.8991328959790971
20,5000,2,300,wb_b0.5_g1.0,79,36,-0.8377346131035616
20,5000,2,300,wb_b0_g0_p0.25,144,4,0.1917613033771773
20,5000,2,300,wb_b0_g0_p0.5,246,8,-0.20720497596225004
20,5000,2,300,wb_b-0.25_g0_p0.25,18,4,0.9495790229094473
20,5000,2,300,wb_b-0.25_g0_p0.5,19,2,0.9394359771956794
20,5000,2,300,wb_b-0.5_g0_p0.25,28,4,0.9563263185019756
20,5000,2,300,wb_b-0.5_g0_p0.5,10,2,0.9594281321527699
20,5000,2,300,wb_b0_g0.25_p0.25,42,4,0.8536924457670616
20,5000,2,300,wb_b0_g0.25_p0.5,131,4,0.5095736236535638
20,5000,2,300,wb_b0_g0.5_p0.25,59,12,0.8055247519529959
20,5000,2,300,wb_b0_g0.5_p0.5,86,4,0.374099338762503
20,5000,2,300,wb_b-0.25_g0.25_p0.25,24,4,0.9593469118582648
20,5000,2,300,wb_b-0.25_g0.25_p0.5,28,4,0.9414782316587356
20,5000,2,300,wb_b-0.25_g0.5_p0.25,31,4,0.9581595743311423
20,5000,2,300,wb_b-0.25_g0.5_p0.5,41,4,0.9367790636108764
20,5000,3,300,bottleneck,7,2,0.7760865903830058
20,5000,3,300,q05,15,8,0.8548731289863377
20,5000,3,300,q10,16,2,0.9223607543725296
20,5000,3,300,cvar10,13,8,0.8295029306134503
20,5000,3,300,cvar20,15,8,0.9074185487244982
20,5000,3,300,soft_0.1,59,8,0.8705238875965785
20,5000,3,300,soft_0.25,39,8,0.9404885981391211
20,5000,3,300,soft_0.5,34,8,0.9620733736458217
20,5000,3,300,wb_b-0.5_g-0.5,9,4,0.9412165037975759
20,5000,3,300,wb_b-0.5_g-0.25,62,4,0.9311110907267917
20,5000,3,300,wb_b-0.5_g0,44,8,0.9366309105701098
20,5000,3,300,wb_b-0.5_g0.25,46,8,0.9381308175679367
20,5000,3,300,wb_b-0.5_g0.5,43,8,0.9352159595251212
20,5000,3,300,wb_b-0.5_g1.0,47,8,0.9161808839432729
20,5000,3,300,wb_b-0.25_g-0.5,174,10,0.5319989996486498
20,5000,3,300,wb_b-0.25_g-0.25,2,4,0.929720322462241
20,5000,3,300,wb_b-0.25_g0,77,4,0.9350592360128587
20,5000,3,300,wb_b-0.25_g0.25,96,4,0.9340263273162395
20,5000,3,300,wb_b-0.25_g0.5,98,10,0.9314227749899249
20,5000,3,300,wb_b-0.25_g1.0,95,4,0.9141667909471041
20,5000,3,300,wb_b0_g-0.5,184,12,0.11646301860997925
20,5000,3,300,wb_b0_g-0.25,135,8,0.289967289576907
20,5000,3,300,wb_b0_g0,7,2,0.7760865903830058
20,5000,3,300,wb_b0_g0.25,14,8,0.9509665390682017
20,5000,3,300,wb_b0_g0.5,37,4,0.9384684356655688
20,5000,3,300,wb_b0_g1.0,72,6,0.8814955836416088
20,5000,3,300,wb_b0.25_g-0.5,190,36,0.0562493764173037
20,5000,3,300,wb_b0.25_g-0.25,143,36,0.0645100693872338
20,5000,3,300,wb_b0.25_g0,138,36,-0.1261172590098887
20,5000,3,300,wb_b0.25_g0.25,93,36,-0.8567837242323609
20,5000,3,300,wb_b0.25_g0.5,66,36,-0.7758142883100413
20,5000,3,300,wb_b0.25_g1.0,42,34,-0.3830188164770545
20,5000,3,300,wb_b0.5_g-0.5,148,36,0.03817766289264972
20,5000,3,300,wb_b0.5_g-0.25,118,34,-0.03691420217052384
20,5000,3,300,wb_b0.5_g0,226,34,-0.5381987012513647
20,5000,3,300,wb_b0.5_g0.25,265,36,-0.9353592061296672
20,5000,3,300,wb_b0.5_g0.5,63,36,-0.9429413572556681
20,5000,3,300,wb_b0.5_g1.0,73,36,-0.8690030336554053
20,5000,3,300,wb_b0_g0_p0.25,145,4,0.4848176685057737
20,5000,3,300,wb_b0_g0_p0.5,160,4,0.13851351312646948
20,5000,3,300,wb_b-0.25_g0_p0.25,87,4,0.9429940074101872
20,5000,3,300,wb_b-0.25_g0_p0.5,61,4,0.9376401454567754
20,5000,3,300,wb_b-0.5_g0_p0.25,96,4,0.9308882599253507
20,5000,3,300,wb_b-0.5_g0_p0.5,100,4,0.918109575257597
20,5000,3,300,wb_b0_g0.25_p0.25,43,4,0.8848848346516541
20,5000,3,300,wb_b0_g0.25_p0.5,115,36,0.32182772754465355
20,5000,3,300,wb_b0_g0.5_p0.25,34,8,0.8340904599204501
20,5000,3,300,wb_b0_g0.5_p0.5,33,8,0.29633708584867974
20,5000,3,300,wb_b-0.25_g0.25_p0.25,115,4,0.9284621038642006
20,5000,3,300,wb_b-0.25_g0.25_p0.5,117,4,0.9273638217330072
20,5000,3,300,wb_b-0.25_g0.5_p0.25,116,10,0.9242708821565966
20,5000,3,300,wb_b-0.25_g0.5_p0.5,119,4,0.9201614349970646
20,5000,4,300,bottleneck,65,4,0.9034760185079249
20,5000,4,300,q05,77,8,0.9378231714436156
20,5000,4,300,q10,65,8,0.9498879697174177
20,5000,4,300,cvar10,70,4,0.9307835837763487
20,5000,4,300,cvar20,54,4,0.9512456797599841
20,5000,4,300,soft_0.1,55,4,0.9418689307792011
20,5000,4,300,soft_0.25,56,8,0.9569884197289334
20,5000,4,300,soft_0.5,53,4,0.9622486469195265
20,5000,4,300,wb_b-0.5_g-0.5,11,2,0.9516831864322584
20,5000,4,300,wb_b-0.5_g-0.25,21,8,0.933616928197135
20,5000,4,300,wb_b-0.5_g0,16,2,0.9356829869743318
20,5000,4,300,wb_b-0.5_g0.25,19,4,0.9361878121883949
20,5000,4,300,wb_b-0.5_g0.5,25,4,0.9299188487721021
20,5000,4,300,wb_b-0.5_g1.0,33,4,0.8988984193495353
20,5000,4,300,wb_b-0.25_g-0.5,91,6,0.6784802474314822
20,5000,4,300,wb_b-0.25_g-0.25,11,2,0.9386389064485265
20,5000,4,300,wb_b-0.25_g0,18,2,0.9371221261431917
20,5000,4,300,wb_b-0.25_g0.25,18,2,0.9372163548089769
20,5000,4,300,wb_b-0.25_g0.5,22,4,0.9314436380809995
20,5000,4,300,wb_b-0.25_g1.0,44,4,0.8916639594388531
20,5000,4,300,wb_b0_g-0.5,43,4,0.33329734217525875
20,5000,4,300,wb_b0_g-0.25,18,4,0.5080213873084359
20,5000,4,300,wb_b0_g0,65,4,0.9034760185079249
20,5000,4,300,wb_b0_g0.25,94,6,0.9389504579559963
20,5000,4,300,wb_b0_g0.5,41,8,0.912024589043359
20,5000,4,300,wb_b0_g1.0,62,4,0.8424810688979835
20,5000,4,300,wb_b0.25_g-0.5,75,36,0.20919326323436924
20,5000,4,300,wb_b0.25_g-0.25,81,36,0.17576293777237786
20,5000,4,300,wb_b0.25_g0,83,36,0.023807201490304217
20,5000,4,300,wb_b0.25_g0.25,52,36,-0.8162607263509358
20,5000,4,300,wb_b0.25_g0.5,140,34,-0.7830385328375021
20,5000,4,300,wb_b0.25_g1.0,141,10,-0.5362510045486429
20,5000,4,300,wb_b0.5_g-0.5,79,36,0.15414479498527445
20,5000,4,300,wb_b0.5_g-0.25,81,36,0.06676196349217461
20,5000,4,300,wb_b0.5_g0,120,36,-0.4135776112487397
20,5000,4,300,wb_b0.5_g0.25,169,36,-0.9220047023113784
20,5000,4,300,wb_b0.5_g0.5,110,36,-0.9470880600605621
20,5000,4,300,wb_b0.5_g1.0,175,36,-0.8826397565296582
20,5000,4,300,wb_b0_g0_p0.25,71,4,0.7654553811642582
20,5000,4,300,wb_b0_g0_p0.5,90,36,0.3227387870687626
20,5000,4,300,wb_b-0.25_g0_p0.25,77,4,0.9432932985283857
20,5000,4,300,wb_b-0.25_g0_p0.5,112,8,0.944137574239455
20,5000,4,300,wb_b-0.5_g0_p0.25,22,4,0.92710238270594
20,5000,4,300,wb_b-0.5_g0_p0.5,22,4,0.9230183926759628
20,5000,4,300,wb_b0_g0.25_p0.25,85,4,0.8833100371225261
20,5000,4,300,wb_b0_g0.25_p0.5,133,36,0.29341862594297546
20,5000,4,300,wb_b0_g0.5_p0.25,106,4,0.8198539426682638
20,5000,4,300,wb_b0_g0.5_p0.5,134,10,0.0876299797969692
20,5000,4,300,wb_b-0.25_g0.25_p0.25,30,4,0.9382579817558132
20,5000,4,300,wb_b-0.25_g0.25_p0.5,78,8,0.9382113193846849
20,5000,4,300,wb_b-0.25_g0.5_p0.25,42,4,0.927347962951707
20,5000,4,300,wb_b-0.25_g0.5_p0.5,58,8,0.9171630719615437
30,5000,0,300,bottleneck,6,2,0.9199038906861803
30,5000,0,300,q05,20,4,0.9636117263891256
30,5000,0,300,q10,47,8,0.9689034931687814
30,5000,0,300,cvar10,9,4,0.9634767339318941
30,5000,0,300,cvar20,41,2,0.9715360689413098
30,5000,0,300,soft_0.1,37,4,0.9624291847369254
30,5000,0,300,soft_0.25,52,4,0.9745416309998096
30,5000,0,300,soft_0.5,51,4,0.9770018935289669
30,5000,0,300,wb_b-0.5_g-0.5,89,4,0.9640833894056555
30,5000,0,300,wb_b-0.5_g-0.25,64,4,0.9607715782637668
30,5000,0,300,wb_b-0.5_g0,80,4,0.9606198320312588
30,5000,0,300,wb_b-0.5_g0.25,80,4,0.9593751762946556
30,5000,0,300,wb_b-0.5_g0.5,80,4,0.9552628794989758
30,5000,0,300,wb_b-0.5_g1.0,84,4,0.9375810131017304
30,5000,0,300,wb_b-0.25_g-0.5,105,2,0.6240531285951081
30,5000,0,300,wb_b-0.25_g-0.25,18,2,0.9580980525958097
30,5000,0,300,wb_b-0.25_g0,67,8,0.9644533173730738
30,5000,0,300,wb_b-0.25_g0.25,79,8,0.9630864927330499
30,5000,0,300,wb_b-0.25_g0.5,83,8,0.956727545304058
30,5000,0,300,wb_b-0.25_g1.0,94,8,0.9355406659286519
30,5000,0,300,wb_b0_g-0.5,101,4,0.2557487738987196
30,5000,0,300,wb_b0_g-0.25,89,4,0.44424473019070165
30,5000,0,300,wb_b0_g0,6,2,0.9199038906861803
30,5000,0,300,wb_b0_g0.25,68,6,0.9633700342298166
30,5000,0,300,wb_b0_g0.5,87,10,0.9561240508943344
30,5000,0,300,wb_b0_g1.0,82,10,0.9204236328135595
30,5000,0,300,wb_b0.25_g-0.5,114,18,0.15291084649372882
30,5000,0,300,wb_b0.25_g-0.25,124,52,0.11112130803624917
30,5000,0,300,wb_b0.25_g0,131,52,-0.10177423003787173
30,5000,0,300,wb_b0.25_g0.25,78,56,-0.9139497713674197
30,5000,0,300,wb_b0.25_g0.5,146,54,-0.8552586277260564
30,5000,0,300,wb_b0.25_g1.0,143,54,-0.6441755446280156
30,5000,0,300,wb_b0.5_g-0.5,134,56,0.09236306421782148
30,5000,0,300,wb_b0.5_g-0.25,140,56,-0.02261612204667586
30,5000,0,300,wb_b0.5_g0,172,56,-0.5032560430589155
30,5000,0,300,wb_b0.5_g0.25,224,56,-0.9297251694303207
30,5000,0,300,wb_b0.5_g0.5,77,56,-0.9517332926043549
30,5000,0,300,wb_b0.5_g1.0,145,56,-0.9008474986534774
30,5000,0,300,wb_b0_g0_p0.25,106,14,0.7531141071522182
30,5000,0,300,wb_b0_g0_p0.5,133,4,0.4360590372188615
30,5000,0,300,wb_b-0.25_g0_p0.25,72,4,0.9643084603200321
30,5000,0,300,wb_b-0.25_g0_p0.5,53,6,0.9606173173714233
30,5000,0,300,wb_b-0.5_g0_p0.25,78,4,0.958949250420966
30,5000,0,300,wb_b-0.5_g0_p0.5,87,8,0.9579562948562714
30,5000,0,300,wb_b0_g0.25_p0.25,131,6,0.9087453755623537
30,5000,0,300,wb_b0_g0.25_p0.5,150,6,0.6831097549208017
30,5000,0,300,wb_b0_g0.5_p0.25,122,6,0.8865883259706101
30,5000,0,300,wb_b0_g0.5_p0.5,131,16,0.3992602728270897
30,5000,0,300,wb_b-0.25_g0.25_p0.25,94,8,0.9624810974418088
30,5000,0,300,wb_b-0.25_g0.25_p0.5,94,4,0.9614265272389996
30,5000,0,300,wb_b-0.25_g0.5_p0.25,106,8,0.9553456595408738
30,5000,0,300,wb_b-0.25_g0.5_p0.5,110,8,0.9513741510595822
30,5000,1,250,bottleneck,14,2,0.8657915463409597
30,5000,1,250,q05,11,2,0.9067119296320973
30,5000,1,250,q10,11,10,0.92848586982623
30,5000,1,250,cvar10,12,2,0.901981916983842
30,5000,1,250,cvar20,17,20,0.930603427379445
30,5000,1,250,soft_0.1,42,20,0.9107233910673075
30,5000,1,250,soft_0.25,24,6,0.9494134187384748
30,5000,1,250,soft_0.5,17,2,0.9626470337980516
30,5000,1,250,wb_b-0.5_g-0.5,30,2,0.9694796492709257
30,5000,1,250,wb_b-0.5_g-0.25,32,10,0.9682634405561458
30,5000,1,250,wb_b-0.5_g0,38,10,0.9632065609607047
30,5000,1,250,wb_b-0.5_g0.25,48,10,0.9583527856774897
30,5000,1,250,wb_b-0.5_g0.5,48,10,0.9529613066627597
30,5000,1,250,wb_b-0.5_g1.0,49,10,0.9341211491426181
30,5000,1,250,wb_b-0.25_g-0.5,94,12,0.5375180995828042
30,5000,1,250,wb_b-0.25_g-0.25,4,2,0.9425785774822125
30,5000,1,250,wb_b-0.25_g0,11,2,0.972098701000791
30,5000,1,250,wb_b-0.25_g0.25,19,10,0.9707776345067751
30,5000,1,250,wb_b-0.25_g0.5,21,10,0.9677373486293906
30,5000,1,250,wb_b-0.25_g1.0,33,10,0.9499866102299268
30,5000,1,250,wb_b0_g-0.5,136,12,0.08923777383303279
30,5000,1,250,wb_b0_g-0.25,78,12,0.246360787662687
30,5000,1,250,wb_b0_g0,14,2,0.8657915463409597
30,5000,1,250,wb_b0_g0.25,34,2,0.958257631154802
30,5000,1,250,wb_b0_g0.5,40,12,0.9448398413411376
30,5000,1,250,wb_b0_g1.0,43,8,0.9101320266505585
30,5000,1,250,wb_b0.25_g-0.5,152,54,-0.08901762143020554
30,5000,1,250,wb_b0.25_g-0.25,96,54,-0.19850249884202512
30,5000,1,250,wb_b0.25_g0,96,56,-0.43078321657832025
30,5000,1,250,wb_b0.25_g0.25,101,56,-0.8891316446787242
30,5000,1,250,wb_b0.25_g0.5,146,56,-0.7020420800702475
30,5000,1,250,wb_b0.25_g1.0,57,56,-0.38576233681940036
30,5000,1,250,wb_b0.5_g-0.5,145,56,-0.16950997934614123
30,5000,1,250,wb_b0.5_g-0.25,97,56,-0.3439990138037971
30,5000,1,250,wb_b0.5_g0,105,54,-0.671822345088273
30,5000,1,250,wb_b0.5_g0.25,201,56,-0.9150480447749523
30,5000,1,250,wb_b0.5_g0.5,162,56,-0.8333976099181177
30,5000,1,250,wb_b0.5_g1.0,60,56,-0.8748852200629699
30,5000,1,250,wb_b0_g0_p0.25,88,12,0.6310769200366612
30,5000,1,250,wb_b0_g0_p0.5,97,14,0.21954294138567707
30,5000,1,250,wb_b-0.25_g0_p0.25,25,6,0.9696641020671583
30,5000,1,250,wb_b-0.25_g0_p0.5,67,4,0.9653022267102063
30,5000,1,250,wb_b-0.5_g0_p0.25,48,10,0.9644318736936236
30,5000,1,250,wb_b-0.5_g0_p0.5,39,10,0.965463819794275
30,5000,1,250,wb_b0_g0.25_p0.25,62,2,0.9451855895517951
30,5000,1,250,wb_b0_g0.25_p0.5,64,16,0.8670435951830469
30,5000,1,250,wb_b0_g0.5_p0.25,57,16,0.9082175543066625
30,5000,1,250,wb_b0_g0.5_p0.5,61,16,0.7331531131180026
30,5000,1,250,wb_b-0.25_g0.25_p0.25,55,2,0.9697527373587121
30,5000,1,250,wb_b-0.25_g0.25_p0.5,96,2,0.9639969848944415
30,5000,1,250,wb_b-0.25_g0.5_p0.25,35,2,0.966712415759907
30,5000,1,250,wb_b-0.25_g0.5_p0.5,99,12,0.9569014708731675
30,5000,2,250,bottleneck,1,0,0.7333550082980054
30,5000,2,250,q05,7,12,0.9493020103148212
30,5000,2,250,q10,10,12,0.9676049478425165
30,5000,2,250,cvar10,4,12,0.9162841876426624
30,5000,2,250,cvar20,6,12,0.9552288835582743
30,5000,2,250,soft_0.1,23,12,0.8747830788400359
30,5000,2,250,soft_0.25,14,2,0.9625958773848523
30,5000,2,250,soft_0.5,10,2,0.9750621280383527
30,5000,2,250,wb_b-0.5_g-0.5,21,2,0.9378902411665373
30,5000,2,250,wb_b-0.5_g-0.25,19,2,0.9722227795190056
30,5000,2,250,wb_b-0.5_g0,19,2,0.9702971952012589
30,5000,2,250,wb_b-0.5_g0.25,21,2,0.9669838781811069
30,5000,2,250,wb_b-0.5_g0.5,23,2,0.9618163378399224
30,5000,2,250,wb_b-0.5_g1.0,26,2,0.9459956764142416
30,5000,2,250,wb_b-0.25_g-0.5,40,12,0.1937665409622176
30,5000,2,250,wb_b-0.25_g-0.25,5,2,0.8598668104090401
30,5000,2,250,wb_b-0.25_g0,13,2,0.9717131629820004
30,5000,2,250,wb_b-0.25_g0.25,15,2,0.9705329192440866
30,5000,2,250,wb_b-0.25_g0.5,16,2,0.96684819037983
30,5000,2,250,wb_b-0.25_g1.0,23,2,0.9531019051443023
30,5000,2,250,wb_b0_g-0.5,38,12,0.014198942014003776
30,5000,2,250,wb_b0_g-0.25,28,12,0.11999956637965373
30,5000,2,250,wb_b0_g0,1,0,0.7333550082980054
30,5000,2,250,wb_b0_g0.25,20,2,0.9595060205806298
30,5000,2,250,wb_b0_g0.5,26,2,0.9530713527392493
30,5000,2,250,wb_b0_g1.0,33,10,0.9247207648500412
30,5000,2,250,wb_b0.25_g-0.5,67,56,-0.07984544142879552
30,5000,2,250,wb_b0.25_g-0.25,82,14,-0.09392113201743699
30,5000,2,250,wb_b0.25_g0,113,56,-0.21083041823969156
30,5000,2,250,wb_b0.25_g0.25,153,56,-0.8910463943020336
30,5000,2,250,wb_b0.25_g0.5,79,56,-0.8196979885058674
30,5000,2,250,wb_b0.25_g1.0,74,14,-0.5604714684965592
30,5000,2,250,wb_b0.5_g-0.5,94,56,-0.14710425084095674
30,5000,2,250,wb_b0.5_g-0.25,105,56,-0.2336297189417008
30,5000,2,250,wb_b0.5_g0,123,56,-0.5655827432867266
30,5000,2,250,wb_b0.5_g0.25,207,56,-0.9326013458016272
30,5000,2,250,wb_b0.5_g0.5,127,56,-0.9494264910148601
30,5000,2,250,wb_b0.5_g1.0,75,56,-0.8993406135039996
30,5000,2,250,wb_b0_g0_p0.25,49,14,0.4006270452441111
30,5000,2,250,wb_b0_g0_p0.5,88,12,0.11452346729009608
30,5000,2,250,wb_b-0.25_g0_p0.25,25,2,0.9690572577928289
30,5000,2,250,wb_b-0.25_g0_p0.5,23,2,0.9623929967627615
30,5000,2,250,wb_b-0.5_g0_p0.25,32,2,0.9700773426233027
30,5000,2,250,wb_b-0.5_g0_p0.5,31,2,0.9683882274356265
30,5000,2,250,wb_b0_g0.25_p0.25,36,2,0.960144139966595
30,5000,2,250,wb_b0_g0.25_p0.5,62,10,0.8225454135088707
30,5000,2,250,wb_b0_g0.5_p0.25,41,10,0.9378450546163786
30,5000,2,250,wb_b0_g0.5_p0.5,60,14,0.5852022643750436
30,5000,2,250,wb_b-0.25_g0.25_p0.25,29,2,0.9689129773862061
30,5000,2,250,wb_b-0.25_g0.25_p0.5,30,2,0.9622435380280463
30,5000,2,250,wb_b-0.25_g0.5_p0.25,30,2,0.964848372862429
30,5000,2,250,wb_b-0.25_g0.5_p0.5,34,14,0.9576700590602812
30,5000,3,250,bottleneck,10,2,0.8677235815689714
30,5000,3,250,q05,18,4,0.9474880566639077
30,5000,3,250,q10,59,4,0.9595834790517759
30,5000,3,250,cvar10,13,2,0.9386615756380803
30,5000,3,250,cvar20,53,4,0.9629772344154713
30,5000,3,250,soft_0.1,40,8,0.9348337723657117
30,5000,3,250,soft_0.25,63,6,0.9712433152340832
30,5000,3,250,soft_0.5,61,6,0.9786524002391251
30,5000,3,250,wb_b-0.5_g-0.5,17,2,0.9626533853263131
30,5000,3,250,wb_b-0.5_g-0.25,72,4,0.9676908174492538
30,5000,3,250,wb_b-0.5_g0,71,4,0.9680166374159632
30,5000,3,250,wb_b-0.5_g0.25,64,4,0.9633086728494988
30,5000,3,250,wb_b-0.5_g0.5,65,4,0.9568365136021707
30,5000,3,250,wb_b-0.5_g1.0,68,4,0.9338477413507892
30,5000,3,250,wb_b-0.25_g-0.5,24,4,0.5445990515312428
30,5000,3,250,wb_b-0.25_g-0.25,13,2,0.919769059465973
30,5000,3,250,wb_b-0.25_g0,69,2,0.9695469366049716
30,5000,3,250,wb_b-0.25_g0.25,72,2,0.9721509828982802
30,5000,3,250,wb_b-0.25_g0.5,67,6,0.9676822548295061
30,5000,3,250,wb_b-0.25_g1.0,53,4,0.9477535891888614
30,5000,3,250,wb_b0_g-0.5,95,4,0.29024682830159965
30,5000,3,250,wb_b0_g-0.25,90,4,0.3836194710340835
30,5000,3,250,wb_b0_g0,10,2,0.8677235815689714
30,5000,3,250,wb_b0_g0.25,21,2,0.9494006467711091
30,5000,3,250,wb_b0_g0.5,17,6,0.9474938597388991
30,5000,3,250,wb_b0_g1.0,31,6,0.9277849209283918
30,5000,3,250,wb_b0.25_g-0.5,127,4,0.1331524305570948
30,5000,3,250,wb_b0.25_g-0.25,130,56,0.07492066288918287
30,5000,3,250,wb_b0.25_g0,136,56,-0.1018426729443432
30,5000,3,250,wb_b0.25_g0.25,100,54,-0.6430498124519565
30,5000,3,250,wb_b0.25_g0.5,92,56,-0.34845498837617706
30,5000,3,250,wb_b0.25_g1.0,60,10,0.17872077968451988
30,5000,3,250,wb_b0.5_g-0.5,136,52,0.019760966731887313
30,5000,3,250,wb_b0.5_g-0.25,141,52,-0.1226074996152256
30,5000,3,250,wb_b0.5_g0,158,52,-0.5378679427129509
30,5000,3,250,wb_b0.5_g0.25,211,52,-0.9085307860176968
30,5000,3,250,wb_b0.5_g0.5,51,56,-0.9502966742163592
30,5000,3,250,wb_b0.5_g1.0,34,56,-0.6453975956148852
30,5000,3,250,wb_b0_g0_p0.25,114,4,0.63768754937241
30,5000,3,250,wb_b0_g0_p0.5,121,10,0.327763699200689
30,5000,3,250,wb_b-0.25_g0_p0.25,38,6,0.9662934807810315
30,5000,3,250,wb_b-0.25_g0_p0.5,28,8,0.9601176564818268
30,5000,3,250,wb_b-0.5_g0_p0.25,78,4,0.9694816471942229
30,5000,3,250,wb_b-0.5_g0_p0.5,80,4,0.970466151670295
30,5000,3,250,wb_b0_g0.25_p0.25,39,2,0.9415664944587786
30,5000,3,250,wb_b0_g0.25_p0.5,96,2,0.8246590685490043
30,5000,3,250,wb_b0_g0.5_p0.25,36,16,0.9199676235688825
30,5000,3,250,wb_b0_g0.5_p0.5,38,2,0.7880091831188903
30,5000,3,250,wb_b-0.25_g0.25_p0.25,30,6,0.9740329332386471
30,5000,3,250,wb_b-0.25_g0.25_p0.5,29,2,0.9689319869350761
30,5000,3,250,wb_b-0.25_g0.5_p0.25,25,6,0.9719299828786213
30,5000,3,250,wb_b-0.25_g0.5_p0.5,32,6,0.9668007606910397
30,5000,4,250,bottleneck,10,14,0.9149071050287915
30,5000,4,250,q05,27,2,0.9429898278984188
30,5000,4,250,q10,17,14,0.9620401319860019
30,5000,4,250,cvar10,24,14,0.943444304808601
30,5000,4,250,cvar20,38,4,0.9603693328626663
30,5000,4,250,soft_0.1,59,14,0.9491303118077493
30,5000,4,250,soft_0.25,61,14,0.9674566810769846
30,5000,4,250,soft_0.5,52,14,0.9734895672407359
30,5000,4,250,wb_b-0.5_g-0.5,17,2,0.9717332338060496
30,5000,4,250,wb_b-0.5_g-0.25,50,4,0.9637488568165855
30,5000,4,250,wb_b-0.5_g0,56,4,0.9638094223476835
30,5000,4,250,wb_b-0.5_g0.25,59,4,0.964213110789434
30,5000,4,250,wb_b-0.5_g0.5,60,4,0.9608094299415879
30,5000,4,250,wb_b-0.5_g1.0,69,4,0.9411587046650837
30,5000,4,250,wb_b-0.25_g-0.5,81,14,0.3647642636813009
30,5000,4,250,wb_b-0.25_g-0.25,12,2,0.9583423181188866
30,5000,4,250,wb_b-0.25_g0,62,14,0.9714619704656516
30,5000,4,250,wb_b-0.25_g0.25,70,14,0.9730860234949505
30,5000,4,250,wb_b-0.25_g0.5,77,14,0.9686910409290637
30,5000,4,250,wb_b-0.25_g1.0,90,4,0.9397820584742935
30,5000,4,250,wb_b0_g-0.5,90,14,-0.09316898101245016
30,5000,4,250,wb_b0_g-0.25,79,14,0.1350619594556727
30,5000,4,250,wb_b0_g0,10,14,0.9149071050287915
30,5000,4,250,wb_b0_g0.25,32,2,0.960629026156985
30,5000,4,250,wb_b0_g0.5,92,14,0.9557218862884268
30,5000,4,250,wb_b0_g1.0,87,14,0.9168948213904671
30,5000,4,250,wb_b0.25_g-0.5,138,4,-0.2077608459045349
30,5000,4,250,wb_b0.25_g-0.25,141,54,-0.2260504815412272
30,5000,4,250,wb_b0.25_g0,156,54,-0.2120712397965544
30,5000,4,250,wb_b0.25_g0.25,59,56,-0.9135461257999662
30,5000,4,250,wb_b0.25_g0.5,130,54,-0.8741945416033597
30,5000,4,250,wb_b0.25_g1.0,124,56,-0.6837230160778014
30,5000,4,250,wb_b0.5_g-0.5,145,56,-0.23852736334882674
30,5000,4,250,wb_b0.5_g-0.25,148,56,-0.2904393921587795
30,5000,4,250,wb_b0.5_g0,154,56,-0.5768541466955548
30,5000,4,250,wb_b0.5_g0.25,192,56,-0.9281908243231749
30,5000,4,250,wb_b0.5_g0.5,106,56,-0.9442175161983721
30,5000,4,250,wb_b0.5_g1.0,116,56,-0.9052070529844239
30,5000,4,250,wb_b0_g0_p0.25,132,14,0.6658337672683526
30,5000,4,250,wb_b0_g0_p0.5,152,4,0.29608173243251884
30,5000,4,250,wb_b-0.25_g0_p0.25,28,14,0.9706057054026882
30,5000,4,250,wb_b-0.25_g0_p0.5,38,2,0.9563837622809088
30,5000,4,250,wb_b-0.5_g0_p0.25,65,4,0.9648239073006152
30,5000,4,250,wb_b-0.5_g0_p0.5,70,14,0.964894569052786
30,5000,4,250,wb_b0_g0.25_p0.25,115,14,0.9158532400912184
30,5000,4,250,wb_b0_g0.25_p0.5,120,16,0.737960237222122
30,5000,4,250,wb_b0_g0.5_p0.25,110,16,0.8785228753671425
30,5000,4,250,wb_b0_g0.5_p0.5,111,16,0.4253400536956556
30,5000,4,250,wb_b-0.25_g0.25_p0.25,83,14,0.9733423306772735
30,5000,4,250,wb_b-0.25_g0.25_p0.5,42,14,0.9726910795784749
30,5000,4,250,wb_b-0.25_g0.5_p0.25,90,14,0.9668043892096502
30,5000,4,250,wb_b-0.25_g0.5_p0.5,97,6,0.9649032911945147
