step,logl_before_a,logl_after_a,logl_diff_a,logl_before_b,logl_after_b,logl_diff_b,logl_before_c,logl_after_c,logl_diff_c,logl_before_d,logl_after_d,logl_diff_d
1,-1.1057e+06,-1.10591e+06,-214.753,-1.1057e+06,-1.10577e+06,-65.3573,-1.1057e+06,-1.10576e+06,-64.165,-1.1057e+06,-1.10576e+06,-59.5297
2,-1.10591e+06,-1.10642e+06,-501.163,-1.10577e+06,-1.10618e+06,-413.796,-1.10576e+06,-1.10608e+06,-315.869,-1.10576e+06,-1.10608e+06,-316.894
3,-1.10642e+06,-1.10642e+06,-8.55784,-1.10618e+06,-1.10619e+06,-8.55453,-1.10608e+06,-1.10607e+06,8.96639,-1.10608e+06,-1.10607e+06,5.54671
4,-1.10642e+06,-1.1066e+06,-171.43,-1.10619e+06,-1.10625e+06,-61.7936,-1.10607e+06,-1.10613e+06,-59.7833,-1.10607e+06,-1.10606e+06,11.6254
5,-1.1066e+06,-1.10759e+06,-989.589,-1.10625e+06,-1.10632e+06,-74.5614,-1.10613e+06,-1.10615e+06,-21.9739,-1.10606e+06,-1.10607e+06,-6.47174
6,-1.10759e+06,-1.10746e+06,125.812,-1.10632e+06,-1.1062e+06,127.174,-1.10615e+06,-1.10588e+06,272.118,-1.10607e+06,-1.10587e+06,193.372
7,-1.10746e+06,-1.10873e+06,-1273.41,-1.1062e+06,-1.10628e+06,-81.8164,-1.10588e+06,-1.10555e+06,331.087,-1.10587e+06,-1.10543e+06,444.411
8,-1.10873e+06,-1.10875e+06,-16.2038,-1.10628e+06,-1.10629e+06,-6.92108,-1.10555e+06,-1.10548e+06,66.9848,-1.10543e+06,-1.10543e+06,-1.72109
9,-1.10875e+06,-1.11234e+06,-3591.06,-1.10629e+06,-1.10957e+06,-3287.39,-1.10548e+06,-1.10759e+06,-2104.99,-1.10543e+06,-1.10749e+06,-2065.47
10,-1.11234e+06,-1.11327e+06,-927.927,-1.10957e+06,-1.10956e+06,8.34752,-1.10759e+06,-1.10763e+06,-42.6025,-1.10749e+06,-1.10748e+06,13.1613
11,-1.11327e+06,-1.11338e+06,-113.551,-1.10956e+06,-1.10961e+06,-46.9261,-1.10763e+06,-1.10762e+06,11.0586,-1.10748e+06,-1.10745e+06,29.7201
12,-1.11338e+06,-1.11055e+06,2829.1,-1.10961e+06,-1.10544e+06,4176.35,-1.10762e+06,-1.10164e+06,5979.53,-1.10745e+06,-1.10142e+06,6028.43
13,-1.11055e+06,-1.11178e+06,-1227.87,-1.10544e+06,-1.1052e+06,239.863,-1.10164e+06,-1.10066e+06,976.499,-1.10142e+06,-1.10038e+06,1043.67
14,-1.11178e+06,-1.11203e+06,-248.02,-1.1052e+06,-1.10538e+06,-186.134,-1.10066e+06,-1.10054e+06,125.54,-1.10038e+06,-1.10048e+06,-97.1807
15,-1.11203e+06,-1.11294e+06,-915.867,-1.10538e+06,-1.10631e+06,-927.853,-1.10054e+06,-1.10097e+06,-437.44,-1.10048e+06,-1.10096e+06,-486.484
16,-1.11294e+06,-1.11383e+06,-881.727,-1.10631e+06,-1.10618e+06,127.557,-1.10097e+06,-1.10096e+06,11.1883,-1.10096e+06,-1.10094e+06,28.5268
17,-1.11383e+06,-1.11433e+06,-508.29,-1.10618e+06,-1.1059e+06,280.115,-1.10096e+06,-1.10056e+06,403.664,-1.10094e+06,-1.10045e+06,487.552
18,-1.11433e+06,-1.1147e+06,-365.211,-1.1059e+06,-1.10566e+06,239.983,-1.10056e+06,-1.10006e+06,499.232,-1.10045e+06,-1.0992e+06,1250.26
19,-1.1147e+06,-1.11467e+06,26.8863,-1.10566e+06,-1.10563e+06,32.2159,-1.10006e+06,-1.09975e+06,306.048,-1.0992e+06,-1.09914e+06,53.1324
20,-1.11467e+06,-1.1139e+06,771.842,-1.10563e+06,-1.10475e+06,876.735,-1.09975e+06,-1.09834e+06,1413.98,-1.09914e+06,-1.09789e+06,1249.26
21,-1.1139e+06,-1.11375e+06,149.694,-1.10475e+06,-1.10466e+06,89.1524,-1.09834e+06,-1.0978e+06,540.3,-1.09789e+06,-1.09747e+06,427.499
22,-1.11375e+06,-1.1134e+06,349.335,-1.10466e+06,-1.10474e+06,-79.5052,-1.0978e+06,-1.09779e+06,5.59961,-1.09747e+06,-1.09766e+06,-197.487
23,-1.1134e+06,-1.11452e+06,-1120.36,-1.10474e+06,-1.10571e+06,-965.093,-1.09779e+06,-1.09862e+06,-825.145,-1.09766e+06,-1.09859e+06,-929.678
24,-1.11452e+06,-1.1145e+06,19.4894,-1.10571e+06,-1.10548e+06,224.435,-1.09862e+06,-1.09859e+06,27.6103,-1.09859e+06,-1.09857e+06,23.0021
25,-1.1145e+06,-1.11058e+06,3917.99,-1.10548e+06,-1.10265e+06,2836.38,-1.09859e+06,-1.09427e+06,4327.03,-1.09857e+06,-1.09399e+06,4583.56
26,-1.11058e+06,-1.11261e+06,-2022.07,-1.10265e+06,-1.10264e+06,6.06195,-1.09427e+06,-1.09404e+06,229.716,-1.09399e+06,-1.09397e+06,17.6089
27,-1.11261e+06,-1.11351e+06,-900.605,-1.10264e+06,-1.10259e+06,46.6764,-1.09404e+06,-1.0943e+06,-266.274,-1.09397e+06,-1.09412e+06,-151.314
28,-1.11351e+06,-1.11378e+06,-270.835,-1.10259e+06,-1.1026e+06,-8.49671,-1.0943e+06,-1.0954e+06,-1095.9,-1.09412e+06,-1.0945e+06,-379.419
29,-1.11378e+06,-1.11415e+06,-372.846,-1.1026e+06,-1.10259e+06,12.3232,-1.0954e+06,-1.09481e+06,584.49,-1.0945e+06,-1.0945e+06,-3.59247
30,-1.11415e+06,-1.11822e+06,-4072.16,-1.10259e+06,-1.10372e+06,-1133.82,-1.09481e+06,-1.09626e+06,-1442.77,-1.0945e+06,-1.09583e+06,-1322.99
31,-1.11822e+06,-1.1198e+06,-1579.47,-1.10372e+06,-1.10455e+06,-829.017,-1.09626e+06,-1.09557e+06,688.164,-1.09583e+06,-1.09542e+06,410.967
32,-1.1198e+06,-1.12216e+06,-2354.39,-1.10455e+06,-1.10517e+06,-615.474,-1.09557e+06,-1.09636e+06,-791.062,-1.09542e+06,-1.09597e+06,-553.73
33,-1.12216e+06,-1.12369e+06,-1537.81,-1.10517e+06,-1.105e+06,165.408,-1.09636e+06,-1.09603e+06,326.386,-1.09597e+06,-1.09599e+06,-16.4072
34,-1.12369e+06,-1.12376e+06,-66.7785,-1.105e+06,-1.10521e+06,-208.834,-1.09603e+06,-1.09708e+06,-1043.33,-1.09599e+06,-1.09702e+06,-1030.12
35,-1.12376e+06,-1.12365e+06,111.637,-1.10521e+06,-1.10508e+06,129.933,-1.09708e+06,-1.09698e+06,97.7533,-1.09702e+06,-1.0969e+06,120.228
36,-1.12365e+06,-1.13164e+06,-7988.81,-1.10508e+06,-1.11314e+06,-8054.76,-1.09698e+06,-1.10246e+06,-5483.09,-1.0969e+06,-1.10206e+06,-5161.95
37,-1.13164e+06,-1.13152e+06,123,-1.11314e+06,-1.11305e+06,83.6303,-1.10246e+06,-1.10219e+06,273.21,-1.10206e+06,-1.10213e+06,-69.6226
38,-1.13152e+06,-1.13449e+06,-2975.85,-1.11305e+06,-1.11487e+06,-1815.21,-1.10219e+06,-1.10471e+06,-2519.13,-1.10213e+06,-1.10469e+06,-2565.47
39,-1.13449e+06,-1.13557e+06,-1074.86,-1.11487e+06,-1.11486e+06,4.57643,-1.10471e+06,-1.10471e+06,-3.05884,-1.10469e+06,-1.10469e+06,-0.871765
40,-1.13557e+06,-1.13669e+06,-1122.86,-1.11486e+06,-1.11513e+06,-263.264,-1.10471e+06,-1.105e+06,-286.402,-1.10469e+06,-1.10492e+06,-228.568
41,-1.13669e+06,-1.13677e+06,-76.9972,-1.11513e+06,-1.11515e+06,-25.2404,-1.105e+06,-1.10498e+06,14.8194,-1.10492e+06,-1.10495e+06,-24.1143
42,-1.13677e+06,-1.13783e+06,-1066.76,-1.11515e+06,-1.11535e+06,-196.306,-1.10498e+06,-1.10488e+06,105.552,-1.10495e+06,-1.10476e+06,186.688
43,-1.13783e+06,-1.1384e+06,-567.904,-1.11535e+06,-1.11554e+06,-189.202,-1.10488e+06,-1.10539e+06,-516.156,-1.10476e+06,-1.10528e+06,-515.403
44,-1.1384e+06,-1.1378e+06,601.69,-1.11554e+06,-1.1152e+06,337.669,-1.10539e+06,-1.10519e+06,205.433,-1.10528e+06,-1.1051e+06,174.239
45,-1.1378e+06,-1.13741e+06,387.445,-1.1152e+06,-1.11501e+06,189.189,-1.10519e+06,-1.10499e+06,199.293,-1.1051e+06,-1.10497e+06,136.063
46,-1.13741e+06,-1.13787e+06,-453.486,-1.11501e+06,-1.11521e+06,-196.314,-1.10499e+06,-1.10539e+06,-400.324,-1.10497e+06,-1.10535e+06,-386.951
47,-1.13787e+06,-1.13899e+06,-1129.05,-1.11521e+06,-1.11525e+06,-43.6947,-1.10539e+06,-1.10542e+06,-34.4175,-1.10535e+06,-1.10536e+06,-6.64118
48,-1.13899e+06,-1.15116e+06,-12169.8,-1.11525e+06,-1.12387e+06,-8621.8,-1.10542e+06,-1.10666e+06,-1236.33,-1.10536e+06,-1.10534e+06,19.122
49,-1.15116e+06,-1.15172e+06,-559.686,-1.12387e+06,-1.12425e+06,-374.41,-1.10666e+06,-1.10581e+06,845.988,-1.10534e+06,-1.10573e+06,-388.166
50,-1.15172e+06,-1.1596e+06,-7872.98,-1.12425e+06,-1.1322e+06,-7957.1,-1.10581e+06,-1.10913e+06,-3320.02,-1.10573e+06,-1.10682e+06,-1086.53
51,-1.1596e+06,-1.1599e+06,-300.425,-1.1322e+06,-1.13255e+06,-341.297,-1.10913e+06,-1.10749e+06,1638.39,-1.10682e+06,-1.10735e+06,-533.237
52,-1.1599e+06,-1.15809e+06,1808.35,-1.13255e+06,-1.13146e+06,1088.12,-1.10749e+06,-1.10641e+06,1084.25,-1.10735e+06,-1.10627e+06,1077.15
53,-1.15809e+06,-1.15923e+06,-1140.69,-1.13146e+06,-1.13178e+06,-321.464,-1.10641e+06,-1.10666e+06,-245.071,-1.10627e+06,-1.10657e+06,-298.476
54,-1.15923e+06,-1.16069e+06,-1460.49,-1.13178e+06,-1.13265e+06,-870.807,-1.10666e+06,-1.10911e+06,-2453.95,-1.10657e+06,-1.10733e+06,-763.826
55,-1.16069e+06,-1.16085e+06,-160.113,-1.13265e+06,-1.13263e+06,17.4133,-1.10911e+06,-1.10753e+06,1580.52,-1.10733e+06,-1.10706e+06,270.049
56,-1.16085e+06,-1.16089e+06,-40.9894,-1.13263e+06,-1.13272e+06,-85.8726,-1.10753e+06,-1.10771e+06,-184.499,-1.10706e+06,-1.10704e+06,19.0712
57,-1.16089e+06,-1.16075e+06,139.198,-1.13272e+06,-1.1327e+06,18.9137,-1.10771e+06,-1.10747e+06,243.956,-1.10704e+06,-1.10705e+06,-3.96284
58,-1.16075e+06,-1.16224e+06,-1484.97,-1.1327e+06,-1.1329e+06,-196.907,-1.10747e+06,-1.10751e+06,-44.3152,-1.10705e+06,-1.10711e+06,-61.4373
59,-1.16224e+06,-1.16168e+06,552.574,-1.1329e+06,-1.13178e+06,1118.75,-1.10751e+06,-1.1074e+06,111.601,-1.10711e+06,-1.10699e+06,115.327
60,-1.16168e+06,-1.16784e+06,-6156.31,-1.13178e+06,-1.13345e+06,-1672.97,-1.1074e+06,-1.10747e+06,-69.8649,-1.10699e+06,-1.10711e+06,-116.584
61,-1.16784e+06,-1.16881e+06,-973.435,-1.13345e+06,-1.12893e+06,4523.3,-1.10747e+06,-1.10723e+06,242.422,-1.10711e+06,-1.10691e+06,197.149
62,-1.16881e+06,-1.16881e+06,7.05324,-1.12893e+06,-1.12493e+06,4002.4,-1.10723e+06,-1.10767e+06,-445.012,-1.10691e+06,-1.10691e+06,-0.000788115
63,-1.16881e+06,-1.16874e+06,64.5886,-1.12493e+06,-1.12489e+06,39.7348,-1.10767e+06,-1.1075e+06,179.176,-1.10691e+06,-1.10692e+06,-3.25878
64,-1.16874e+06,-1.168e+06,746.016,-1.12489e+06,-1.12472e+06,162.949,-1.1075e+06,-1.10713e+06,363.32,-1.10692e+06,-1.10655e+06,362.954
65,-1.168e+06,-1.168e+06,0,-1.12472e+06,-1.12423e+06,493.592,-1.10713e+06,-1.10629e+06,846.482,-1.10655e+06,-1.10558e+06,977.596
66,-1.168e+06,-1.16962e+06,-1620.84,-1.12423e+06,-1.12433e+06,-99.1385,-1.10629e+06,-1.10608e+06,204.824,-1.10558e+06,-1.10563e+06,-55.1509
67,-1.16962e+06,-1.1696e+06,18.0819,-1.12433e+06,-1.12389e+06,441.403,-1.10608e+06,-1.10598e+06,104.459,-1.10563e+06,-1.10564e+06,-5.0616
68,-1.1696e+06,-1.17063e+06,-1026.04,-1.12389e+06,-1.12348e+06,402.256,-1.10598e+06,-1.10588e+06,98.351,-1.10564e+06,-1.10548e+06,160.045
69,-1.17063e+06,-1.16873e+06,1895.05,-1.12348e+06,-1.12304e+06,441.07,-1.10588e+06,-1.10578e+06,98.9794,-1.10548e+06,-1.10541e+06,64.9223
70,-1.16873e+06,-1.16936e+06,-629.355,-1.12304e+06,-1.12307e+06,-25.0327,-1.10578e+06,-1.10604e+06,-261.948,-1.10541e+06,-1.10567e+06,-261.916
71,-1.16936e+06,-1.17478e+06,-5416.56,-1.12307e+06,-1.12971e+06,-6641.32,-1.10604e+06,-1.10676e+06,-719.675,-1.10567e+06,-1.10633e+06,-653.854
72,-1.17478e+06,-1.17551e+06,-731.138,-1.12971e+06,-1.1299e+06,-186.483,-1.10676e+06,-1.10667e+06,91.4083,-1.10633e+06,-1.10646e+06,-136.224
73,-1.17551e+06,-1.17587e+06,-366.888,-1.1299e+06,-1.13024e+06,-342.018,-1.10667e+06,-1.10695e+06,-282.349,-1.10646e+06,-1.10688e+06,-414.871
74,-1.17587e+06,-1.17689e+06,-1011.99,-1.13024e+06,-1.13127e+06,-1027.51,-1.10695e+06,-1.10741e+06,-460.842,-1.10688e+06,-1.10738e+06,-501.168
75,-1.17689e+06,-1.17743e+06,-544.071,-1.13127e+06,-1.13137e+06,-101.039,-1.10741e+06,-1.10742e+06,-12.2366,-1.10738e+06,-1.10742e+06,-36.4667
76,-1.17743e+06,-1.1785e+06,-1068.05,-1.13137e+06,-1.13131e+06,57.3874,-1.10742e+06,-1.10746e+06,-34.4625,-1.10742e+06,-1.10742e+06,-6.37987
77,-1.1785e+06,-1.18318e+06,-4679.02,-1.13131e+06,-1.13386e+06,-2548.42,-1.10746e+06,-1.10747e+06,-14.7587,-1.10742e+06,-1.10747e+06,-45.227
78,-1.18318e+06,-1.18322e+06,-38.7457,-1.13386e+06,-1.13359e+06,264.148,-1.10747e+06,-1.10764e+06,-169.061,-1.10747e+06,-1.10758e+06,-109.438
79,-1.18322e+06,-1.18297e+06,250.843,-1.13359e+06,-1.13411e+06,-513.857,-1.10764e+06,-1.11466e+06,-7022.2,-1.10758e+06,-1.11302e+06,-5441.68
80,-1.18297e+06,-1.18318e+06,-213.523,-1.13411e+06,-1.13418e+06,-75.376,-1.11466e+06,-1.11319e+06,1474.01,-1.11302e+06,-1.11291e+06,105.73
81,-1.18318e+06,-1.18264e+06,535.383,-1.13418e+06,-1.13401e+06,170.236,-1.11319e+06,-1.113e+06,191.095,-1.11291e+06,-1.11291e+06,2.41197
82,-1.18264e+06,-1.18123e+06,1414.25,-1.13401e+06,-1.13402e+06,-7.03622,-1.113e+06,-1.11289e+06,107.404,-1.11291e+06,-1.11286e+06,49.1393
83,-1.18123e+06,-1.18001e+06,1223.34,-1.13402e+06,-1.13347e+06,544.903,-1.11289e+06,-1.11297e+06,-80.3822,-1.11286e+06,-1.11295e+06,-92.0771
84,-1.18001e+06,-1.18017e+06,-166.31,-1.13347e+06,-1.13378e+06,-307.08,-1.11297e+06,-1.11323e+06,-253.538,-1.11295e+06,-1.1131e+06,-146.059
85,-1.18017e+06,-1.18061e+06,-435.338,-1.13378e+06,-1.13376e+06,26.3838,-1.11323e+06,-1.11314e+06,89.479,-1.1131e+06,-1.1131e+06,-6.25299e-05
86,-1.18061e+06,-1.1806e+06,10.443,-1.13376e+06,-1.1337e+06,57.2442,-1.11314e+06,-1.11311e+06,27.4413,-1.1131e+06,-1.1131e+06,-0.00625077
87,-1.1806e+06,-1.18211e+06,-1516.51,-1.1337e+06,-1.13403e+06,-331.632,-1.11311e+06,-1.1132e+06,-87.4689,-1.1131e+06,-1.11313e+06,-31.7057
88,-1.18211e+06,-1.183e+06,-884.938,-1.13403e+06,-1.13444e+06,-407.691,-1.1132e+06,-1.11344e+06,-241.067,-1.11313e+06,-1.11339e+06,-260.211
89,-1.183e+06,-1.18212e+06,874.859,-1.13444e+06,-1.13423e+06,206.812,-1.11344e+06,-1.11318e+06,254.15,-1.11339e+06,-1.11318e+06,216.532
90,-1.18212e+06,-1.18903e+06,-6905.29,-1.13423e+06,-1.14481e+06,-10575.5,-1.11318e+06,-1.11729e+06,-4107.27,-1.11318e+06,-1.11692e+06,-3742.39
91,-1.18903e+06,-1.18711e+06,1918.2,-1.14481e+06,-1.14471e+06,98.3024,-1.11729e+06,-1.11693e+06,356.229,-1.11692e+06,-1.11692e+06,1.77559
92,-1.18711e+06,-1.19021e+06,-3095.41,-1.14471e+06,-1.14608e+06,-1367.78,-1.11693e+06,-1.11841e+06,-1472.94,-1.11692e+06,-1.1182e+06,-1289.14
93,-1.19021e+06,-1.19184e+06,-1635.43,-1.14608e+06,-1.14603e+06,46.6323,-1.11841e+06,-1.11818e+06,224.985,-1.1182e+06,-1.11817e+06,36.5773
94,-1.19184e+06,-1.19276e+06,-914.102,-1.14603e+06,-1.14614e+06,-114.766,-1.11818e+06,-1.11816e+06,17.878,-1.11817e+06,-1.11816e+06,12.7675
95,-1.19276e+06,-1.19327e+06,-510.193,-1.14614e+06,-1.1462e+06,-56.334,-1.11816e+06,-1.11824e+06,-70.3892,-1.11816e+06,-1.11818e+06,-23.7263
96,-1.19327e+06,-1.19392e+06,-653.283,-1.1462e+06,-1.1463e+06,-103.746,-1.11824e+06,-1.11823e+06,8.98245,-1.11818e+06,-1.11818e+06,2.97259
97,-1.19392e+06,-1.19487e+06,-946.702,-1.1463e+06,-1.14534e+06,964.58,-1.11823e+06,-1.1179e+06,330.731,-1.11818e+06,-1.11783e+06,341.668
98,-1.19487e+06,-1.19482e+06,41.9474,-1.14534e+06,-1.14502e+06,316.592,-1.1179e+06,-1.11775e+06,148.613,-1.11783e+06,-1.11772e+06,115.023
99,-1.19482e+06,-1.19437e+06,450.551,-1.14502e+06,-1.14493e+06,89.0692,-1.11775e+06,-1.11765e+06,92.9288,-1.11772e+06,-1.11759e+06,130.814
100,-1.19437e+06,-1.19497e+06,-598.611,-1.14493e+06,-1.14493e+06,1.28633,-1.11765e+06,-1.11753e+06,121.859,-1.11759e+06,-1.11736e+06,232.184
101,-1.19497e+06,-1.19701e+06,-2041.8,-1.14493e+06,-1.14497e+06,-33.8574,-1.11753e+06,-1.1174e+06,127.927,-1.11736e+06,-1.11728e+06,76.7835
102,-1.19701e+06,-1.19536e+06,1652.53,-1.14497e+06,-1.13914e+06,5824.04,-1.1174e+06,-1.11672e+06,688.21,-1.11728e+06,-1.11667e+06,608.552
103,-1.19536e+06,-1.19496e+06,405.156,-1.13914e+06,-1.13897e+06,172.05,-1.11672e+06,-1.11654e+06,172.927,-1.11667e+06,-1.11651e+06,164.798
104,-1.19496e+06,-1.19304e+06,1914.59,-1.13897e+06,-1.13927e+06,-296.457,-1.11654e+06,-1.11692e+06,-379.642,-1.11651e+06,-1.11689e+06,-379.463
