run_id,candidates,time_elapsed,logL,true_minus_current
r10_s10000_fast_gtr_findopt500_mean_of_10,500,10.3232,-668342.343652,10487.0839621
r10_s10000_fast_gtr_findopt500_mean_of_10,501,10.3383,-668187.6378402088,10332.378149858607
r10_s10000_fast_gtr_findopt500_mean_of_10,501,10.3466,-668185.3034116076,10330.043721141077
r10_s10000_fast_gtr_findopt500_mean_of_10,502,10.3685,-667836.850043609,9981.590353192718
r10_s10000_fast_gtr_findopt500_mean_of_10,501,10.369,-667760.6505717434,9905.390881388357
r10_s10000_fast_gtr_findopt500_mean_of_10,504,10.4108,-667504.2011474548,9648.941457062077
r10_s10000_fast_gtr_findopt500_mean_of_10,503,10.412,-667383.4835804068,9528.223890017263
r10_s10000_fast_gtr_findopt500_mean_of_10,504,10.436,-667308.9354583436,9453.675767917055
r10_s10000_fast_gtr_findopt500_mean_of_10,504,10.4382,-667220.8661100608,9365.606419674079
r10_s10000_fast_gtr_findopt500_mean_of_10,508,10.4999,-667218.1214377921,9362.861747372152
r10_s10000_fast_gtr_findopt500_mean_of_10,989,17.2519,-664816.3809615686,6961.121271263364
r10_s10000_fast_gtr_findopt500_mean_of_10,996,17.3542,-664779.1622478542,6923.90255754944
r10_s10000_fast_gtr_findopt500_mean_of_10,997,17.3594,-664777.5654548738,6922.3057645690815
r10_s10000_fast_gtr_findopt500_mean_of_10,997,17.3676,-664775.2592937351,6919.9996034302585
r10_s10000_fast_gtr_findopt500_mean_of_10,998,17.3769,-664772.6764114208,6917.416721115791
r10_s10000_fast_gtr_findopt500_mean_of_10,999,17.3953,-664767.5617902656,6912.302099960432
r10_s10000_fast_gtr_findopt500_mean_of_10,1004,17.4614,-664751.0109103264,6895.751220019479
r10_s10000_fast_gtr_findopt500_mean_of_10,1005,17.4769,-664747.5322772167,6892.272586909491
r10_s10000_fast_gtr_findopt500_mean_of_10,1005,17.4834,-664745.721826469,6890.462136161569
r10_s10000_fast_gtr_findopt500_mean_of_10,1011,17.5583,-664729.2940936527,6874.03440334376
r10_s10000_fast_gtr_findopt500_mean_of_10,1480,24.1297,-663266.5439813014,5411.284290874196
r10_s10000_fast_gtr_findopt500_mean_of_10,1495,24.3414,-663227.8017048242,5372.542014392234
r10_s10000_fast_gtr_findopt500_mean_of_10,1496,24.3534,-663225.6382384094,5370.378547977159
r10_s10000_fast_gtr_findopt500_mean_of_10,1498,24.3766,-663221.8039520084,5366.544261575264
r10_s10000_fast_gtr_findopt500_mean_of_10,1498,24.3812,-663221.0388777691,5365.779187335906
r10_s10000_fast_gtr_findopt500_mean_of_10,1504,24.4685,-663207.7276774371,5352.467987002284
r10_s10000_fast_gtr_findopt500_mean_of_10,1506,24.494,-663204.4003438964,5349.140653461114
r10_s10000_fast_gtr_findopt500_mean_of_10,1506,24.4974,-663204.1226090402,5348.8629186049575
r10_s10000_fast_gtr_findopt500_mean_of_10,1508,24.5221,-663201.2324935247,5345.972803089344
r10_s10000_fast_gtr_findopt500_mean_of_10,1510,24.5522,-663197.6625136707,5342.402823235552
r10_s10000_fast_gtr_findopt500_mean_of_10,1969,30.9835,-662416.1062753155,4560.846584898887
r10_s10000_fast_gtr_findopt500_mean_of_10,1985,31.1968,-662388.5393903863,4533.279699974081
r10_s10000_fast_gtr_findopt500_mean_of_10,1993,31.3165,-662372.4697543893,4517.210063982097
r10_s10000_fast_gtr_findopt500_mean_of_10,1999,31.392,-662363.3532722592,4508.093581855972
r10_s10000_fast_gtr_findopt500_mean_of_10,2001,31.4217,-662359.6164137602,4504.356723358603
r10_s10000_fast_gtr_findopt500_mean_of_10,2006,31.4972,-662349.1507744163,4493.891084017423
r10_s10000_fast_gtr_findopt500_mean_of_10,2010,31.553,-662341.9235840245,4486.663893627289
r10_s10000_fast_gtr_findopt500_mean_of_10,2010,31.5578,-662341.0553784814,4485.795688084277
r10_s10000_fast_gtr_findopt500_mean_of_10,2014,31.6083,-662333.9365062241,4478.676815828004
r10_s10000_fast_gtr_findopt500_mean_of_10,2015,31.6183,-662332.6385684232,4477.378878027253
r10_s10000_fast_gtr_findopt500_mean_of_10,2459,37.8548,-661531.6151354943,3676.3554451784657
r10_s10000_fast_gtr_findopt500_mean_of_10,2474,38.0552,-661508.2974803466,3653.03779002982
r10_s10000_fast_gtr_findopt500_mean_of_10,2489,38.2735,-661483.7251191193,3628.4654287998396
r10_s10000_fast_gtr_findopt500_mean_of_10,2497,38.3843,-661471.0143676649,3615.754677342725
r10_s10000_fast_gtr_findopt500_mean_of_10,2504,38.4799,-661457.9351648618,3602.6754745381995
r10_s10000_fast_gtr_findopt500_mean_of_10,2507,38.5211,-661452.9369463047,3597.6772559806473
r10_s10000_fast_gtr_findopt500_mean_of_10,2515,38.6305,-661440.9723295665,3585.7126392424166
r10_s10000_fast_gtr_findopt500_mean_of_10,2515,38.637,-661440.4813684437,3585.221678119625
r10_s10000_fast_gtr_findopt500_mean_of_10,2518,38.6787,-661436.6111547244,3581.351464400749
r10_s10000_fast_gtr_findopt500_mean_of_10,2525,38.7729,-661426.4677045681,3571.2080142448576
r10_s10000_fast_gtr_findopt500_mean_of_10,2946,44.6763,-660784.095732821,2928.8360424551656
r10_s10000_fast_gtr_findopt500_mean_of_10,2963,44.9163,-660758.8612224915,2903.6015321247937
r10_s10000_fast_gtr_findopt500_mean_of_10,2990,45.2894,-660720.1028686736,2864.84317830239
r10_s10000_fast_gtr_findopt500_mean_of_10,2994,45.3447,-660714.5949790261,2859.335288654292
r10_s10000_fast_gtr_findopt500_mean_of_10,3003,45.4747,-660704.7643457369,2849.504655361262
r10_s10000_fast_gtr_findopt500_mean_of_10,3010,45.5671,-660694.1731745519,2838.9134841736113
r10_s10000_fast_gtr_findopt500_mean_of_10,3017,45.6669,-660683.3198256199,2828.0601352390604
r10_s10000_fast_gtr_findopt500_mean_of_10,3022,45.733,-660677.0321135544,2821.7724231710554
r10_s10000_fast_gtr_findopt500_mean_of_10,3022,45.735,-660676.8680661056,2821.6083757221722
r10_s10000_fast_gtr_findopt500_mean_of_10,3035,45.9234,-660665.1984268001,2809.938736410828
r10_s10000_fast_gtr_findopt500_mean_of_10,3433,51.4944,-660314.8732542985,2459.613563820178
r10_s10000_fast_gtr_findopt500_mean_of_10,3452,51.7683,-660297.915621829,2442.655931347864
r10_s10000_fast_gtr_findopt500_mean_of_10,3490,52.2891,-660269.8357510073,2414.5760605239316
r10_s10000_fast_gtr_findopt500_mean_of_10,3492,52.3204,-660268.0991342606,2412.8394437773213
r10_s10000_fast_gtr_findopt500_mean_of_10,3506,52.5203,-660257.8065707247,2402.546880244551
r10_s10000_fast_gtr_findopt500_mean_of_10,3513,52.6123,-660255.4176844355,2400.1579939560406
r10_s10000_fast_gtr_findopt500_mean_of_10,3519,52.6997,-660253.1598983954,2397.9002079162988
r10_s10000_fast_gtr_findopt500_mean_of_10,3525,52.7795,-660250.7921796541,2395.532489173979
r10_s10000_fast_gtr_findopt500_mean_of_10,3529,52.8348,-660249.1513920943,2393.891701613825
r10_s10000_fast_gtr_findopt500_mean_of_10,3548,53.1033,-660241.5162203124,2386.2565298333757
r10_s10000_fast_gtr_findopt500_mean_of_10,3918,58.285,-660067.8058580247,2212.5461675656675
r10_s10000_fast_gtr_findopt500_mean_of_10,3941,58.6124,-660056.3873578269,2201.1276673717543
r10_s10000_fast_gtr_findopt500_mean_of_10,3987,59.2549,-660034.5093300628,2179.2496396140023
r10_s10000_fast_gtr_findopt500_mean_of_10,3993,59.3351,-660031.7699654339,2176.510274986023
r10_s10000_fast_gtr_findopt500_mean_of_10,4013,59.616,-660020.4408956361,2165.1812051909787
r10_s10000_fast_gtr_findopt500_mean_of_10,4015,59.6424,-660019.7320312136,2164.4723407688984
r10_s10000_fast_gtr_findopt500_mean_of_10,4016,59.6575,-660019.2237594033,2163.9640689591065
r10_s10000_fast_gtr_findopt500_mean_of_10,4032,59.8818,-660011.8540184293,2156.5943279903536
r10_s10000_fast_gtr_findopt500_mean_of_10,4036,59.93,-660010.2504014506,2154.990711012643
r10_s10000_fast_gtr_findopt500_mean_of_10,4055,60.1979,-660000.4317954284,2145.1721049909966
r10_s10000_fast_gtr_findopt500_mean_of_10,4405,65.0801,-659866.476442269,2011.216751835919
r10_s10000_fast_gtr_findopt500_mean_of_10,4433,65.479,-659855.6075973763,2000.3479069398902
r10_s10000_fast_gtr_findopt500_mean_of_10,4479,66.1232,-659837.5236567038,1982.2639662630322
r10_s10000_fast_gtr_findopt500_mean_of_10,4494,66.3311,-659832.1470645817,1976.887374138568
r10_s10000_fast_gtr_findopt500_mean_of_10,4512,66.5755,-659828.4683429174,1973.2086524712636
r10_s10000_fast_gtr_findopt500_mean_of_10,4519,66.6736,-659827.9761363664,1972.716445918714
r10_s10000_fast_gtr_findopt500_mean_of_10,4522,66.7125,-659827.4677222522,1972.2080318039007
r10_s10000_fast_gtr_findopt500_mean_of_10,4541,66.9891,-659823.8526234347,1968.592932982377
r10_s10000_fast_gtr_findopt500_mean_of_10,4542,66.9942,-659823.7880761276,1968.528385675268
r10_s10000_fast_gtr_findopt500_mean_of_10,4559,67.2357,-659814.8231942762,1959.5635038245775
r10_s10000_fast_gtr_findopt500_mean_of_10,4892,71.8987,-659628.4129918981,1773.1533014993474
r10_s10000_fast_gtr_findopt500_mean_of_10,4923,72.3287,-659611.2318384565,1755.972148062358
r10_s10000_fast_gtr_findopt500_mean_of_10,4970,72.9821,-659577.5872021152,1722.3275117292505
r10_s10000_fast_gtr_findopt500_mean_of_10,4995,73.331,-659553.0433290852,1697.7836387040115
r10_s10000_fast_gtr_findopt500_mean_of_10,5015,73.6121,-659533.2689447093,1678.0092543320006
r10_s10000_fast_gtr_findopt500_mean_of_10,5027,73.7861,-659521.0762675148,1665.8165771389329
r10_s10000_fast_gtr_findopt500_mean_of_10,5029,73.8136,-659519.0600047682,1663.8003143926276
r10_s10000_fast_gtr_findopt500_mean_of_10,5046,74.0533,-659502.2398828301,1646.9801924575368
r10_s10000_fast_gtr_findopt500_mean_of_10,5047,74.0629,-659501.8430504553,1646.5833600827773
r10_s10000_fast_gtr_findopt500_mean_of_10,5063,74.2784,-659492.9349903764,1637.6753000035437
r10_s10000_fast_gtr_findopt500_mean_of_10,5377,78.6751,-659323.9009554173,1468.6412649655847
r10_s10000_fast_gtr_findopt500_mean_of_10,5412,79.1607,-659304.6543628186,1449.3946723591594
r10_s10000_fast_gtr_findopt500_mean_of_10,5468,79.9515,-659270.718263175,1415.4585726979296
r10_s10000_fast_gtr_findopt500_mean_of_10,5496,80.3458,-659262.007056054,1406.7473655640206
r10_s10000_fast_gtr_findopt500_mean_of_10,5512,80.5805,-659256.6416884148,1401.381997918916
r10_s10000_fast_gtr_findopt500_mean_of_10,5534,80.8929,-659249.6548555667,1394.3951650679696
r10_s10000_fast_gtr_findopt500_mean_of_10,5537,80.9386,-659248.7811065748,1393.5214160758235
r10_s10000_fast_gtr_findopt500_mean_of_10,5548,81.1017,-659246.4740289197,1391.2143384208034
r10_s10000_fast_gtr_findopt500_mean_of_10,5550,81.1316,-659245.9931171454,1390.7334266468774
r10_s10000_fast_gtr_findopt500_mean_of_10,5564,81.3256,-659242.8728200139,1387.6131295183945
r10_s10000_fast_gtr_findopt500_mean_of_10,5848,85.4316,-659178.7087238177,1323.449033457958
r10_s10000_fast_gtr_findopt500_mean_of_10,5888,86.0045,-659161.9596640402,1306.6999736987032
r10_s10000_fast_gtr_findopt500_mean_of_10,5981,87.3528,-659134.0708714316,1278.811181153023
r10_s10000_fast_gtr_findopt500_mean_of_10,5998,87.5923,-659129.1961766727,1273.9364864020483
r10_s10000_fast_gtr_findopt500_mean_of_10,6026,87.9902,-659121.0663163501,1265.806626088129
r10_s10000_fast_gtr_findopt500_mean_of_10,6033,88.0932,-659118.96182875,1263.7021384894683
r10_s10000_fast_gtr_findopt500_mean_of_10,6037,88.1546,-659117.7073089548,1262.4476186948689
r10_s10000_fast_gtr_findopt500_mean_of_10,6040,88.2034,-659116.7565676883,1261.4968774286788
r10_s10000_fast_gtr_findopt500_mean_of_10,6059,88.4739,-659111.4865776309,1256.22688737409
r10_s10000_fast_gtr_findopt500_mean_of_10,6135,89.5741,-659089.5092531168,1234.2495628615552
r10_s10000_fast_gtr_findopt500_mean_of_10,6329,92.288,-658983.0900550853,1127.8303648756828
r10_s10000_fast_gtr_findopt500_mean_of_10,6369,92.8486,-658962.7552581874,1107.495567982713
r10_s10000_fast_gtr_findopt500_mean_of_10,6478,94.3719,-658917.0410266344,1061.7813364276935
r10_s10000_fast_gtr_findopt500_mean_of_10,6499,94.6662,-658908.337667752,1053.0779775468773
r10_s10000_fast_gtr_findopt500_mean_of_10,6528,95.079,-658895.737875175,1040.4781849667897
r10_s10000_fast_gtr_findopt500_mean_of_10,6537,95.2008,-658892.0201422884,1036.760452078303
r10_s10000_fast_gtr_findopt500_mean_of_10,6539,95.2355,-658890.9780853335,1035.7183951230154
r10_s10000_fast_gtr_findopt500_mean_of_10,6542,95.2695,-658889.7769922764,1034.5173020656152
r10_s10000_fast_gtr_findopt500_mean_of_10,6561,95.533,-658880.4685211286,1025.2088309138696
r10_s10000_fast_gtr_findopt500_mean_of_10,6627,96.4559,-658847.8659100384,992.6062198108933
r10_s10000_fast_gtr_findopt500_mean_of_10,6817,99.1209,-658755.6820691876,900.4223789160442
r10_s10000_fast_gtr_findopt500_mean_of_10,6856,99.6696,-658743.2622044265,888.002514149605
r10_s10000_fast_gtr_findopt500_mean_of_10,6977,101.364,-658704.9093360987,849.6496458057838
r10_s10000_fast_gtr_findopt500_mean_of_10,7004,101.736,-658696.489088803,841.2293985065029
r10_s10000_fast_gtr_findopt500_mean_of_10,7034,102.153,-658687.4462749485,832.1865846531634
r10_s10000_fast_gtr_findopt500_mean_of_10,7041,102.251,-658685.3211547728,830.0614644785306
r10_s10000_fast_gtr_findopt500_mean_of_10,7047,102.337,-658683.413872718,828.1541824237186
r10_s10000_fast_gtr_findopt500_mean_of_10,7052,102.409,-658682.198376514,826.9386862195759
r10_s10000_fast_gtr_findopt500_mean_of_10,7063,102.562,-658679.494493854,824.2348035577425
r10_s10000_fast_gtr_findopt500_mean_of_10,7115,103.288,-658666.6643055456,811.4046152398772
r10_s10000_fast_gtr_findopt500_mean_of_10,7310,106.027,-658640.4485081369,785.1888177666953
r10_s10000_fast_gtr_findopt500_mean_of_10,7342,106.474,-658636.1176243321,780.8579339517521
r10_s10000_fast_gtr_findopt500_mean_of_10,7477,108.371,-658617.3228499169,762.0631594837196
r10_s10000_fast_gtr_findopt500_mean_of_10,7516,108.919,-658611.8934685887,756.6337781402921
r10_s10000_fast_gtr_findopt500_mean_of_10,7537,109.21,-658608.9877772684,753.7280868148545
r10_s10000_fast_gtr_findopt500_mean_of_10,7543,109.297,-658608.1290845243,752.8693940699411
r10_s10000_fast_gtr_findopt500_mean_of_10,7553,109.427,-658606.3229385935,751.0632481383639
r10_s10000_fast_gtr_findopt500_mean_of_10,7558,109.501,-658605.2304354676,749.9707450115944
r10_s10000_fast_gtr_findopt500_mean_of_10,7566,109.616,-658603.6235391118,748.363848655388
r10_s10000_fast_gtr_findopt500_mean_of_10,7608,110.205,-658595.3934351676,740.1337447092518
r10_s10000_fast_gtr_findopt500_mean_of_10,7801,112.901,-658582.3578048652,727.0981144180604
r10_s10000_fast_gtr_findopt500_mean_of_10,7827,113.272,-658578.983479235,723.7237887892501
r10_s10000_fast_gtr_findopt500_mean_of_10,7978,115.387,-658560.2099667136,704.9502762874346
r10_s10000_fast_gtr_findopt500_mean_of_10,8021,115.997,-658554.795383906,699.5356934854924
r10_s10000_fast_gtr_findopt500_mean_of_10,8044,116.315,-658551.3858876672,696.1261972436386
r10_s10000_fast_gtr_findopt500_mean_of_10,8046,116.349,-658551.0506057536,695.7909153294338
r10_s10000_fast_gtr_findopt500_mean_of_10,8056,116.481,-658550.2800116374,695.0203212124916
r10_s10000_fast_gtr_findopt500_mean_of_10,8062,116.563,-658549.8726595244,694.6129690995012
r10_s10000_fast_gtr_findopt500_mean_of_10,8070,116.678,-658549.3013730244,694.0416825995758
r10_s10000_fast_gtr_findopt500_mean_of_10,8103,117.149,-658545.993395997,690.733705568342
r10_s10000_fast_gtr_findopt500_mean_of_10,8296,119.854,-658526.3472275364,671.087537082755
r10_s10000_fast_gtr_findopt500_mean_of_10,8314,120.105,-658525.593508178,670.3338177219874
r10_s10000_fast_gtr_findopt500_mean_of_10,8478,122.406,-658518.6839135812,663.4242231039547
r10_s10000_fast_gtr_findopt500_mean_of_10,8519,122.968,-658514.4086986891,659.1490082112357
r10_s10000_fast_gtr_findopt500_mean_of_10,8549,123.397,-658511.9701509755,656.7104605005154
r10_s10000_fast_gtr_findopt500_mean_of_10,8551,123.423,-658511.822360205,656.5626697299538
r10_s10000_fast_gtr_findopt500_mean_of_10,8560,123.542,-658511.0298290442,655.7701385683192
r10_s10000_fast_gtr_findopt500_mean_of_10,8566,123.635,-658510.4104559522,655.1507654756134
r10_s10000_fast_gtr_findopt500_mean_of_10,8576,123.769,-658509.5180259114,654.2583354344378
r10_s10000_fast_gtr_findopt500_mean_of_10,8600,124.11,-658507.9479498647,652.68825938981
r10_s10000_fast_gtr_findopt500_mean_of_10,8790,126.775,-658484.235469164,628.9757787126075
r10_s10000_fast_gtr_findopt500_mean_of_10,8801,126.93,-658482.8562916863,627.5966012365543
r10_s10000_fast_gtr_findopt500_mean_of_10,8979,129.427,-658460.6381874162,605.3784969932954
r10_s10000_fast_gtr_findopt500_mean_of_10,9015,129.936,-658458.4527240226,603.1930336009771
r10_s10000_fast_gtr_findopt500_mean_of_10,9052,130.453,-658456.2329119516,600.9732215317413
r10_s10000_fast_gtr_findopt500_mean_of_10,9063,130.602,-658454.462816721,599.2031263011017
r10_s10000_fast_gtr_findopt500_mean_of_10,9063,130.612,-658454.3513076759,599.0916172562437
r10_s10000_fast_gtr_findopt500_mean_of_10,9068,130.672,-658453.6822534272,598.4225630075131
r10_s10000_fast_gtr_findopt500_mean_of_10,9086,130.936,-658450.7384147213,595.4787243005303
r10_s10000_fast_gtr_findopt500_mean_of_10,9095,131.057,-658449.3891553143,594.1294648931636
r10_s10000_fast_gtr_findopt500_mean_of_10,9282,133.672,-658431.456815248,576.197124810389
r10_s10000_fast_gtr_findopt500_mean_of_10,9288,133.756,-658430.7939003049,575.5342098663655
r10_s10000_fast_gtr_findopt500_mean_of_10,9479,136.438,-658409.4073936142,554.1477031281264
r10_s10000_fast_gtr_findopt500_mean_of_10,9513,136.916,-658405.5957790735,550.3360885789547
r10_s10000_fast_gtr_findopt500_mean_of_10,9558,137.537,-658400.664546266,545.4048557659443
r10_s10000_fast_gtr_findopt500_mean_of_10,9565,137.646,-658400.6234559674,545.3637654661723
r10_s10000_fast_gtr_findopt500_mean_of_10,9568,137.683,-658400.6095078887,545.349817387332
r10_s10000_fast_gtr_findopt500_mean_of_10,9575,137.78,-658400.467057435,545.2073669336186
r10_s10000_fast_gtr_findopt500_mean_of_10,9593,138.029,-658399.9198946093,544.6602041113832
r10_s10000_fast_gtr_findopt500_mean_of_10,9593,138.035,-658399.8680341629,544.6083436651995
r10_s10000_fast_gtr_findopt500_mean_of_10,9769,140.495,-658378.605251197,523.3455607298966
r10_s10000_fast_gtr_findopt500_mean_of_10,9749,140.579,-658399.3428372813,544.0831468513554
r10_s10000_fast_gtr_findopt500_mean_of_10,9922,143.454,-658385.8752442078,530.6155538997208
r10_s10000_fast_gtr_findopt500_mean_of_10,9949,144.0,-658387.2076729211,531.9479825742378
r10_s10000_fast_gtr_findopt500_mean_of_10,9984,144.611,-658411.0563288667,555.796638483573
r10_s10000_fast_gtr_findopt500_mean_of_10,9982,144.624,-658211.195765717,355.93607523121676
r10_s10000_fast_gtr_findopt500_mean_of_10,9987,144.766,-658268.1389096607,412.87921925726124
r10_s10000_fast_gtr_findopt500_mean_of_10,9997,144.956,-658244.7945732168,389.53488282018776
r10_s10000_fast_gtr_findopt500_mean_of_10,10000,145.023,-658369.634019,514.374328558
r10_s10000_fast_gtr_findopt500_mean_of_10,10000,145.03,-657813.723097,-41.536593214
r1_s10000_fast_gtr_findopt500_mean_of_10,500,10.2838,-663895.299666,6040.03997596
r1_s10000_fast_gtr_findopt500_mean_of_10,500,10.2887,-663872.4607087687,6017.20101853845
r1_s10000_fast_gtr_findopt500_mean_of_10,501,10.3066,-664618.1712397175,6762.911549416477
r1_s10000_fast_gtr_findopt500_mean_of_10,501,10.3108,-664658.3950206876,6803.135330404243
r1_s10000_fast_gtr_findopt500_mean_of_10,501,10.3163,-674316.761727489,16461.502037202263
r1_s10000_fast_gtr_findopt500_mean_of_10,503,10.3565,-665188.5870064901,7333.327316148574
r1_s10000_fast_gtr_findopt500_mean_of_10,507,10.4215,-664919.3796094188,7064.119919133701
r1_s10000_fast_gtr_findopt500_mean_of_10,506,10.4278,-664909.833450376,7054.573760031589
r1_s10000_fast_gtr_findopt500_mean_of_10,506,10.4342,-665058.5972249149,7203.337534557539
r1_s10000_fast_gtr_findopt500_mean_of_10,510,10.5041,-664949.0698731102,7093.810182733559
r1_s10000_fast_gtr_findopt500_mean_of_10,988,17.1965,-661172.7938474952,3317.5341570311116
r1_s10000_fast_gtr_findopt500_mean_of_10,991,17.2304,-661156.4784905821,3301.218800117502
r1_s10000_fast_gtr_findopt500_mean_of_10,992,17.2502,-661147.7915741778,3292.5318837128275
r1_s10000_fast_gtr_findopt500_mean_of_10,992,17.2562,-661145.4015746419,3290.1418841769037
r1_s10000_fast_gtr_findopt500_mean_of_10,996,17.3035,-661127.7238910579,3272.464200593179
r1_s10000_fast_gtr_findopt500_mean_of_10,1006,17.4455,-661084.4812916123,3229.2216011460464
r1_s10000_fast_gtr_findopt500_mean_of_10,1007,17.4549,-661082.2123062675,3226.9526158011804
r1_s10000_fast_gtr_findopt500_mean_of_10,1009,17.4874,-661074.6686978138,3219.4090073474567
r1_s10000_fast_gtr_findopt500_mean_of_10,1009,17.488,-661074.5168655039,3219.2571750375664
r1_s10000_fast_gtr_findopt500_mean_of_10,1011,17.5175,-661086.4651218648,3231.2054313984563
r1_s10000_fast_gtr_findopt500_mean_of_10,1485,24.1179,-664001.5185205719,6146.258830152057
r1_s10000_fast_gtr_findopt500_mean_of_10,1486,24.1344,-664008.8998291821,6153.640138762543
r1_s10000_fast_gtr_findopt500_mean_of_10,1489,24.1666,-664024.2242600999,6168.964569680441
r1_s10000_fast_gtr_findopt500_mean_of_10,1496,24.2703,-664073.2309399572,6217.971249538778
r1_s10000_fast_gtr_findopt500_mean_of_10,1496,24.2714,-664073.7462366864,6218.486546267837
r1_s10000_fast_gtr_findopt500_mean_of_10,1498,24.2925,-664083.513768927,6228.25407850823
r1_s10000_fast_gtr_findopt500_mean_of_10,1510,24.4599,-664162.1705093373,6306.910818918741
r1_s10000_fast_gtr_findopt500_mean_of_10,1511,24.4779,-664170.3471870198,6315.087496601416
r1_s10000_fast_gtr_findopt500_mean_of_10,1514,24.5222,-664191.3793271142,6336.119636696235
r1_s10000_fast_gtr_findopt500_mean_of_10,1516,24.5496,-664205.0688209471,6349.809130529751
r1_s10000_fast_gtr_findopt500_mean_of_10,1980,31.0077,-659068.0828972784,1212.8232069972246
r1_s10000_fast_gtr_findopt500_mean_of_10,1984,31.062,-659062.3242134384,1207.0645231588364
r1_s10000_fast_gtr_findopt500_mean_of_10,1986,31.0888,-659059.1776499979,1203.9179597191455
r1_s10000_fast_gtr_findopt500_mean_of_10,1994,31.1994,-659047.1582008434,1191.8985105675904
r1_s10000_fast_gtr_findopt500_mean_of_10,1999,31.2648,-659040.7071679501,1185.44747767493
r1_s10000_fast_gtr_findopt500_mean_of_10,2001,31.2972,-659038.1445818394,1182.8848915649082
r1_s10000_fast_gtr_findopt500_mean_of_10,2009,31.4024,-659027.0531060852,1171.7934158128069
r1_s10000_fast_gtr_findopt500_mean_of_10,2009,31.4075,-659026.6315622346,1171.3718719621734
r1_s10000_fast_gtr_findopt500_mean_of_10,2015,31.4893,-659021.191011495,1165.9313212220168
r1_s10000_fast_gtr_findopt500_mean_of_10,2025,31.6336,-659008.4102174542,1153.1505271781998
r1_s10000_fast_gtr_findopt500_mean_of_10,2472,37.8346,-658458.4760145652,603.2163241248138
r1_s10000_fast_gtr_findopt500_mean_of_10,2478,37.9135,-658453.3945424117,598.1348519689114
r1_s10000_fast_gtr_findopt500_mean_of_10,2485,38.0157,-658447.6253287225,592.3656382771926
r1_s10000_fast_gtr_findopt500_mean_of_10,2496,38.1634,-658437.7382200332,582.4785295824781
r1_s10000_fast_gtr_findopt500_mean_of_10,2498,38.1854,-658436.3116481866,581.0519577355459
r1_s10000_fast_gtr_findopt500_mean_of_10,2507,38.3087,-658428.1847225853,572.9250321330899
r1_s10000_fast_gtr_findopt500_mean_of_10,2507,38.312,-658428.0408247643,572.7811343121886
r1_s10000_fast_gtr_findopt500_mean_of_10,2510,38.3627,-658425.3298778613,570.0701874088957
r1_s10000_fast_gtr_findopt500_mean_of_10,2519,38.4832,-658418.5688901482,563.3091996979123
r1_s10000_fast_gtr_findopt500_mean_of_10,2528,38.6097,-658413.2738635412,558.0141730932118
r1_s10000_fast_gtr_findopt500_mean_of_10,2959,44.604,-658185.3828684508,330.12317810200096
r1_s10000_fast_gtr_findopt500_mean_of_10,2982,44.9268,-658173.1264311898,317.86674085126344
r1_s10000_fast_gtr_findopt500_mean_of_10,2983,44.9382,-658172.694034754,317.43434441568223
r1_s10000_fast_gtr_findopt500_mean_of_10,2993,45.0706,-658168.3236270796,313.06393674655294
r1_s10000_fast_gtr_findopt500_mean_of_10,3001,45.1857,-658164.7325546191,309.47286428857905
r1_s10000_fast_gtr_findopt500_mean_of_10,3004,45.2297,-658163.3546116026,308.0949212725053
r1_s10000_fast_gtr_findopt500_mean_of_10,3011,45.3245,-658159.5644872136,304.3047968845942
r1_s10000_fast_gtr_findopt500_mean_of_10,3013,45.3476,-658158.5939498851,303.33425955636335
r1_s10000_fast_gtr_findopt500_mean_of_10,3024,45.5067,-658152.3247369743,297.06504664508395
r1_s10000_fast_gtr_findopt500_mean_of_10,3030,45.589,-658149.595313079,294.33562274973673
r1_s10000_fast_gtr_findopt500_mean_of_10,3447,51.3869,-657958.9509301384,103.6912398113299
r1_s10000_fast_gtr_findopt500_mean_of_10,3483,51.8855,-657942.5391204882,87.27943015119875
r1_s10000_fast_gtr_findopt500_mean_of_10,3483,51.8924,-657942.36007023,87.10037989290066
r1_s10000_fast_gtr_findopt500_mean_of_10,3487,51.9458,-657940.9731620428,85.71347170532928
r1_s10000_fast_gtr_findopt500_mean_of_10,3504,52.185,-657935.0345258259,79.77483548924452
r1_s10000_fast_gtr_findopt500_mean_of_10,3505,52.1875,-657935.0169633767,79.75727303999398
r1_s10000_fast_gtr_findopt500_mean_of_10,3514,52.3238,-657934.0594808708,78.79979053374969
r1_s10000_fast_gtr_findopt500_mean_of_10,3517,52.3673,-657933.8943882067,78.63469786959556
r1_s10000_fast_gtr_findopt500_mean_of_10,3529,52.5339,-657933.3964935157,78.13680317830772
r1_s10000_fast_gtr_findopt500_mean_of_10,3532,52.5674,-657933.2963766295,78.03668629196548
r1_s10000_fast_gtr_findopt500_mean_of_10,3935,58.1844,-657913.756862879,58.4971725654972
r1_s10000_fast_gtr_findopt500_mean_of_10,3980,58.8179,-657908.4480974551,53.188407153510965
r1_s10000_fast_gtr_findopt500_mean_of_10,3980,58.82,-657908.426866228,53.16717592636104
r1_s10000_fast_gtr_findopt500_mean_of_10,3982,58.8484,-657908.139739156,52.880048854209385
r1_s10000_fast_gtr_findopt500_mean_of_10,4006,59.1827,-657904.4847759111,49.225085610897175
r1_s10000_fast_gtr_findopt500_mean_of_10,4006,59.1865,-657904.4432298138,49.183539513605496
r1_s10000_fast_gtr_findopt500_mean_of_10,4019,59.3664,-657902.6999945461,47.44030424782341
r1_s10000_fast_gtr_findopt500_mean_of_10,4019,59.3695,-657902.6698516884,47.41016139010695
r1_s10000_fast_gtr_findopt500_mean_of_10,4036,59.5978,-657900.9714405868,45.7117502884001
r1_s10000_fast_gtr_findopt500_mean_of_10,4038,59.6307,-657900.7957685693,45.536078270855306
r1_s10000_fast_gtr_findopt500_mean_of_10,4434,65.1633,-657873.9689766612,18.70928632428244
r1_s10000_fast_gtr_findopt500_mean_of_10,4470,65.6643,-657874.0124214948,18.75273115282969
r1_s10000_fast_gtr_findopt500_mean_of_10,4476,65.745,-657874.283313624,19.0236232819959
r1_s10000_fast_gtr_findopt500_mean_of_10,4476,65.7486,-657874.2953980311,19.035707689244923
r1_s10000_fast_gtr_findopt500_mean_of_10,4506,66.1709,-657876.0605508493,20.800860504242316
r1_s10000_fast_gtr_findopt500_mean_of_10,4507,66.18,-657876.0996543848,20.83996403975849
r1_s10000_fast_gtr_findopt500_mean_of_10,4522,66.3832,-657876.8030218534,21.543331508781318
r1_s10000_fast_gtr_findopt500_mean_of_10,4524,66.4187,-657876.9270919694,21.66740162520634
r1_s10000_fast_gtr_findopt500_mean_of_10,4541,66.6538,-657877.5906060139,22.330915672520632
r1_s10000_fast_gtr_findopt500_mean_of_10,4546,66.7254,-657877.5290906883,22.269400348328354
r1_s10000_fast_gtr_findopt500_mean_of_10,4930,72.0985,-657875.5381514255,20.27846113889258
r1_s10000_fast_gtr_findopt500_mean_of_10,4959,72.5009,-657875.2150261851,19.95533590334405
r1_s10000_fast_gtr_findopt500_mean_of_10,4971,72.6729,-657874.3385928264,19.07890254548752
r1_s10000_fast_gtr_findopt500_mean_of_10,4973,72.6919,-657874.2574071018,18.99771682087802
r1_s10000_fast_gtr_findopt500_mean_of_10,5006,73.1513,-657872.2941257992,17.03443551696111
r1_s10000_fast_gtr_findopt500_mean_of_10,5007,73.1713,-657872.2063095241,16.946619241647554
r1_s10000_fast_gtr_findopt500_mean_of_10,5022,73.3874,-657871.4380359865,16.1783457014451
r1_s10000_fast_gtr_findopt500_mean_of_10,5029,73.4719,-657871.221337356,15.961647070716381
r1_s10000_fast_gtr_findopt500_mean_of_10,5053,73.8191,-657870.5766055083,15.316915221999867
r1_s10000_fast_gtr_findopt500_mean_of_10,5054,73.8236,-657870.5638343523,15.304144066053553
r1_s10000_fast_gtr_findopt500_mean_of_10,5429,79.0617,-657863.9825459503,8.722855652041387
r1_s10000_fast_gtr_findopt500_mean_of_10,5450,79.351,-657863.7441714874,8.484481187885414
r1_s10000_fast_gtr_findopt500_mean_of_10,5466,79.577,-657864.037330755,8.777640456352
r1_s10000_fast_gtr_findopt500_mean_of_10,5470,79.6302,-657864.0723725277,8.812682230003444
r1_s10000_fast_gtr_findopt500_mean_of_10,5500,80.0494,-657864.3487612028,9.089070912521475
r1_s10000_fast_gtr_findopt500_mean_of_10,5506,80.1271,-657864.3999906876,9.140300398761093
r1_s10000_fast_gtr_findopt500_mean_of_10,5524,80.3854,-657864.4383536155,9.178663329797281
r1_s10000_fast_gtr_findopt500_mean_of_10,5535,80.5369,-657864.3107641994,9.051073914102577
r1_s10000_fast_gtr_findopt500_mean_of_10,5558,80.8572,-657864.0410157505,8.781325466267498
r1_s10000_fast_gtr_findopt500_mean_of_10,5564,80.939,-657863.9556652326,8.695974948341673
r1_s10000_fast_gtr_findopt500_mean_of_10,5924,85.966,-657858.7104689076,3.4507786654864048
r1_s10000_fast_gtr_findopt500_mean_of_10,5943,86.2378,-657858.6494496198,3.3897593799974084
r1_s10000_fast_gtr_findopt500_mean_of_10,5961,86.4822,-657858.600208224,3.34051798477968
r1_s10000_fast_gtr_findopt500_mean_of_10,5972,86.6399,-657858.5393985275,3.2797082877515633
r1_s10000_fast_gtr_findopt500_mean_of_10,5994,86.9476,-657858.4139228669,3.1542326249598958
r1_s10000_fast_gtr_findopt500_mean_of_10,6007,87.132,-657858.3387271834,3.079036940140965
r1_s10000_fast_gtr_findopt500_mean_of_10,6025,87.387,-657858.3649966733,3.105306429490516
r1_s10000_fast_gtr_findopt500_mean_of_10,6040,87.5969,-657858.3866200692,3.1269298248413837
r1_s10000_fast_gtr_findopt500_mean_of_10,6060,87.8763,-657858.4154031884,3.1557129437600695
r1_s10000_fast_gtr_findopt500_mean_of_10,6078,88.1299,-657858.8910791092,3.6313888618003984
r1_s10000_fast_gtr_findopt500_mean_of_10,6424,92.9672,-657868.0250066331,12.76531635266757
r1_s10000_fast_gtr_findopt500_mean_of_10,6438,93.1556,-657868.2264672536,12.966776970628814
r1_s10000_fast_gtr_findopt500_mean_of_10,6454,93.3882,-657868.4751919899,13.215501703844225
r1_s10000_fast_gtr_findopt500_mean_of_10,6469,93.5865,-657868.6872389169,13.427548628163304
r1_s10000_fast_gtr_findopt500_mean_of_10,6485,93.8123,-657868.907419428,13.647729135752964
r1_s10000_fast_gtr_findopt500_mean_of_10,6514,94.2216,-657869.3065331714,14.046842872495441
r1_s10000_fast_gtr_findopt500_mean_of_10,6528,94.4241,-657869.5039935501,14.244303247991045
r1_s10000_fast_gtr_findopt500_mean_of_10,6546,94.6688,-657869.500315424,14.240625116625187
r1_s10000_fast_gtr_findopt500_mean_of_10,6561,94.8819,-657869.4971122828,14.237421970756511
r1_s10000_fast_gtr_findopt500_mean_of_10,6584,95.1958,-657868.8085060584,13.548815742652383
r1_s10000_fast_gtr_findopt500_mean_of_10,6928,100.013,-657858.1805737175,2.9208833272146206
r1_s10000_fast_gtr_findopt500_mean_of_10,6932,100.064,-657858.0258655924,2.7661752017626053
r1_s10000_fast_gtr_findopt500_mean_of_10,6948,100.294,-657857.328162283,2.068471890900416
r1_s10000_fast_gtr_findopt500_mean_of_10,6971,100.61,-657856.3695786059,1.109888211628889
r1_s10000_fast_gtr_findopt500_mean_of_10,6976,100.691,-657856.1332935304,0.8736031362206415
r1_s10000_fast_gtr_findopt500_mean_of_10,7020,101.304,-657854.3451114162,-0.9145789776713773
r1_s10000_fast_gtr_findopt500_mean_of_10,7029,101.426,-657853.9892252531,-1.27046514063194
r1_s10000_fast_gtr_findopt500_mean_of_10,7052,101.743,-657851.8187883985,-3.4409019902779776
r1_s10000_fast_gtr_findopt500_mean_of_10,7060,101.864,-657850.9903251196,-4.269365267272294
r1_s10000_fast_gtr_findopt500_mean_of_10,7088,102.25,-657848.7719466091,-6.487743773106421
r1_s10000_fast_gtr_findopt500_mean_of_10,7424,106.949,-657821.7663491461,-33.49334117962111
r1_s10000_fast_gtr_findopt500_mean_of_10,7427,106.985,-657821.5892346033,-33.670455721857756
r1_s10000_fast_gtr_findopt500_mean_of_10,7441,107.185,-657820.6052649219,-34.6544254009502
r1_s10000_fast_gtr_findopt500_mean_of_10,7469,107.576,-657818.6816041947,-36.57808612357586
r1_s10000_fast_gtr_findopt500_mean_of_10,7472,107.616,-657818.4848102584,-36.77488005939439
r1_s10000_fast_gtr_findopt500_mean_of_10,7527,108.39,-657814.3786088342,-40.88108146797392
r1_s10000_fast_gtr_findopt500_mean_of_10,7530,108.427,-657814.182317549,-41.07737275217595
r1_s10000_fast_gtr_findopt500_mean_of_10,7557,108.803,-657814.0374366792,-41.22225361570792
r1_s10000_fast_gtr_findopt500_mean_of_10,7563,108.883,-657814.0066109623,-41.25307933135302
r1_s10000_fast_gtr_findopt500_mean_of_10,7593,109.304,-657813.8443906269,-41.41529965993538
r1_s10000_fast_gtr_findopt500_mean_of_10,7919,113.875,-657812.2375830393,-43.022107152605656
r1_s10000_fast_gtr_findopt500_mean_of_10,7922,113.907,-657812.2263343317,-43.03335585969331
r1_s10000_fast_gtr_findopt500_mean_of_10,7934,114.087,-657812.1630603509,-43.09662983706135
r1_s10000_fast_gtr_findopt500_mean_of_10,7961,114.455,-657812.0337002126,-43.225989968569344
r1_s10000_fast_gtr_findopt500_mean_of_10,7979,114.717,-657811.9416014185,-43.31808875784949
r1_s10000_fast_gtr_findopt500_mean_of_10,8033,115.473,-657811.9671536714,-43.2925364971986
r1_s10000_fast_gtr_findopt500_mean_of_10,8035,115.496,-657811.9679310564,-43.291759112117646
r1_s10000_fast_gtr_findopt500_mean_of_10,8061,115.853,-657811.9799363643,-43.279753805766404
r1_s10000_fast_gtr_findopt500_mean_of_10,8064,115.899,-657811.9814832668,-43.27820690354748
r1_s10000_fast_gtr_findopt500_mean_of_10,8096,116.348,-657811.9965823668,-43.263107807697544
r1_s10000_fast_gtr_findopt500_mean_of_10,8414,120.807,-657811.9958196023,-43.263870633400145
r1_s10000_fast_gtr_findopt500_mean_of_10,8417,120.84,-657811.9958139572,-43.263876278892
r1_s10000_fast_gtr_findopt500_mean_of_10,8427,120.99,-657811.995788298,-43.26390194021862
r1_s10000_fast_gtr_findopt500_mean_of_10,8452,121.329,-657811.995730308,-43.263959934816775
r1_s10000_fast_gtr_findopt500_mean_of_10,8488,121.842,-657811.9956425533,-43.2640476965538
r1_s10000_fast_gtr_findopt500_mean_of_10,8539,122.552,-657811.9955210994,-43.26416916016647
r1_s10000_fast_gtr_findopt500_mean_of_10,8541,122.58,-657811.9955163097,-43.264173950280764
r1_s10000_fast_gtr_findopt500_mean_of_10,8564,122.902,-657811.9955163004,-43.26417396099438
r1_s10000_fast_gtr_findopt500_mean_of_10,8565,122.919,-657811.9955163,-43.26417396156
r1_s10000_fast_gtr_findopt500_mean_of_10,8598,123.388,-657811.9955163,-43.26417396156
r1_s10000_fast_gtr_findopt500_mean_of_10,8909,127.746,-657811.9955163,-43.26417396156
r1_s10000_fast_gtr_findopt500_mean_of_10,8913,127.794,-657811.9955163,-43.26417396156
r1_s10000_fast_gtr_findopt500_mean_of_10,8919,127.878,-657811.9955163,-43.26417396156
r1_s10000_fast_gtr_findopt500_mean_of_10,8943,128.218,-657811.9955163,-43.26417396156
r1_s10000_fast_gtr_findopt500_mean_of_10,8998,128.989,-657811.9955163,-43.26417396156
r1_s10000_fast_gtr_findopt500_mean_of_10,9044,129.636,-657811.9955163,-43.26417396156
r1_s10000_fast_gtr_findopt500_mean_of_10,9046,129.66,-657812.0164705163,-43.243219745358346
r1_s10000_fast_gtr_findopt500_mean_of_10,9067,129.959,-657812.2775251276,-42.982165135179386
r1_s10000_fast_gtr_findopt500_mean_of_10,9067,129.962,-657812.2801444047,-42.9795458581542
r1_s10000_fast_gtr_findopt500_mean_of_10,9102,130.446,-657812.7027211001,-42.556969164754136
r1_s10000_fast_gtr_findopt500_mean_of_10,9405,134.692,-657816.4098711999,-38.849819081744656
r1_s10000_fast_gtr_findopt500_mean_of_10,9406,134.714,-657816.4290792316,-38.83061105022648
r1_s10000_fast_gtr_findopt500_mean_of_10,9408,134.739,-657816.4509065402,-38.80878374168309
r1_s10000_fast_gtr_findopt500_mean_of_10,9434,135.105,-657816.7704583387,-38.48923194460785
r1_s10000_fast_gtr_findopt500_mean_of_10,9506,136.115,-657817.6522816079,-37.60740867945485
r1_s10000_fast_gtr_findopt500_mean_of_10,9549,136.717,-657818.1778832,-37.08180708973
r1_s10000_fast_gtr_findopt500_mean_of_10,9552,136.755,-657818.1778831951,-37.08180709462414
r1_s10000_fast_gtr_findopt500_mean_of_10,9568,136.985,-657818.1778831657,-37.08180712424657
r1_s10000_fast_gtr_findopt500_mean_of_10,9571,137.026,-657818.1778831605,-37.08180712952709
r1_s10000_fast_gtr_findopt500_mean_of_10,9607,137.523,-657818.1778830969,-37.0818071935373
r1_s10000_fast_gtr_findopt500_mean_of_10,9900,141.628,-657818.1778825717,-37.08180772223329
r1_s10000_fast_gtr_findopt500_mean_of_10,9889,141.632,-657817.3695401902,-37.89015007919829
r1_s10000_fast_gtr_findopt500_mean_of_10,9875,141.634,-657815.3149305887,-39.94475966064506
r1_s10000_fast_gtr_findopt500_mean_of_10,9882,141.983,-657822.7396677518,-32.52002248830696
r1_s10000_fast_gtr_findopt500_mean_of_10,9953,143.258,-657827.0084984386,-28.251191837010285
r1_s10000_fast_gtr_findopt500_mean_of_10,9979,143.752,-657831.2239172,-24.03577310824
r1_s10000_fast_gtr_findopt500_mean_of_10,9979,143.827,-657828.7945175,-26.4651727428
r1_s10000_fast_gtr_findopt500_mean_of_10,9984,144.003,-657817.1826673333,-38.077022825233335
r1_s10000_fast_gtr_findopt500_mean_of_10,9981,144.072,-657835.473534,-19.7861560441
r1_s10000_fast_gtr_findopt500_mean_of_10,10000,144.605,-657909.747482,54.4877920052
